noun_phrase,X2005,X2006,X2007,X2008,X2009,X2010,X2011,X2012,X2013,X2014,X2015,X2016,X2017,X2018,X2019,X2020,X2021,X2022,X2023,X2024,X2025
china,376,921,652,638,806,1253,1538,1663,1570,1848,2401,1536,852,888,1059,1533,1197,1291,1035,1135,351
asia,131,89,106,78,33,212,180,90,201,194,255,114,58,18,97,22,27,74,75,59,48
hu,58,59,42,46,18,52,0,74,0,0,0,0,0,0,0,0,0,0,0,0,0
common development,57,47,51,28,38,41,77,82,81,79,97,61,30,19,21,32,27,43,31,33,15
chinese people,47,57,35,72,52,41,54,38,87,92,92,29,14,16,46,79,64,46,38,35,20
security council,41,0,0,0,0,11,0,0,0,22,19,0,11,15,0,12,14,0,0,14,4
asean,40,63,55,16,0,105,182,53,129,57,133,46,87,53,54,39,40,135,44,26,27
regional cooperation,38,24,12,8,0,28,32,19,15,15,22,10,11,0,8,0,0,14,0,0,0
world peace,37,32,16,22,30,34,48,56,34,50,66,30,25,34,26,45,32,36,35,46,11
china-asean,35,28,30,10,0,22,42,25,47,19,50,12,29,9,17,13,17,44,11,12,0
international community,35,32,51,75,104,86,83,73,37,85,91,58,30,31,37,90,69,61,41,49,14
mutual benefit,34,43,32,26,35,43,79,74,38,53,39,18,17,11,23,28,29,30,30,35,15
asia-pacific,34,0,33,18,20,44,31,41,81,128,82,15,11,0,0,34,47,94,58,40,0
chinese nation,33,0,0,8,15,0,0,0,29,32,0,0,0,0,23,17,22,22,36,15,11
mutual trust,31,36,24,12,30,37,56,49,22,32,28,21,8,17,18,18,11,17,10,24,15
africa,31,104,98,26,132,57,40,226,105,173,357,99,45,34,61,138,157,61,138,98,0
economic development,28,27,34,44,42,56,39,25,32,36,44,21,8,12,15,16,9,22,0,0,0
charter,27,9,0,0,0,0,0,0,0,21,67,30,11,16,17,37,32,27,21,0,0
japan,26,0,45,52,0,52,126,77,0,35,35,16,11,14,11,0,0,0,13,0,0
common prosperity,25,18,13,22,30,23,36,21,13,12,16,10,6,7,13,0,0,15,20,0,0
economic globalization,23,18,22,23,29,14,27,22,12,0,17,14,46,22,59,28,12,27,8,29,20
summit,23,33,14,13,18,16,0,36,0,16,33,33,0,13,22,13,21,15,18,30,7
mr.,22,17,10,7,16,14,0,0,11,25,22,0,22,27,0,21,0,13,0,0,0
anti-fascist,21,0,0,0,0,0,0,0,0,0,27,0,0,0,0,0,0,0,0,0,21
us $,20,75,21,15,40,65,71,66,58,69,71,32,33,17,34,40,10,23,0,14,12
harmonious world,20,10,17,17,20,13,12,0,0,0,0,0,0,0,0,0,0,0,0,0,0
aggression,20,0,0,0,0,0,0,0,0,0,0,0,0,0,0,0,0,0,0,0,20
dear colleagues,19,9,17,18,31,42,29,13,22,34,48,13,9,0,11,0,0,0,0,0,0
african,19,62,60,22,54,28,12,134,67,47,181,47,15,16,40,75,92,23,54,35,0
gentlemen,18,27,35,59,79,73,92,101,81,79,108,46,24,23,44,23,33,38,36,39,19
apec,18,0,19,41,35,13,27,29,71,85,26,0,0,0,0,16,12,10,24,16,0
resistance against,18,0,0,0,0,0,0,0,0,0,0,0,0,0,0,0,0,0,0,0,18
ladies,17,41,36,60,80,73,101,102,81,81,111,48,24,34,48,26,33,38,36,39,19
's development,17,22,23,13,0,22,41,38,39,35,36,23,13,17,22,31,21,0,0,0,0
international relations,17,15,0,10,0,0,18,24,20,69,85,61,27,21,45,61,40,30,30,57,10
hu jintao,17,19,18,30,39,31,54,53,0,0,0,0,0,0,0,0,0,0,0,0,0
september,17,10,8,9,12,13,17,0,16,0,33,21,11,14,11,17,9,10,0,0,7
cpc,17,14,0,0,13,10,13,17,24,19,25,26,33,12,20,59,84,101,41,40,0
economic cooperation,16,21,21,24,28,22,27,38,21,20,24,0,7,0,12,11,0,0,0,0,4
peaceful development,16,22,22,22,20,32,70,38,34,41,30,23,11,19,25,17,13,20,34,18,4
human rights,16,0,5,0,0,0,0,0,0,0,0,0,0,0,0,0,18,19,40,10,0
un reform,15,7,0,0,0,0,0,0,0,0,0,0,0,0,0,0,0,0,0,0,0
taiwan,15,53,33,11,17,14,0,0,0,0,0,0,13,9,0,19,24,81,39,26,8
asian countries,14,11,0,7,0,23,0,20,11,39,28,16,0,0,0,0,0,0,0,0,0
world economy,14,0,18,34,82,63,55,49,44,24,58,92,6,12,31,37,17,24,0,30,0
thank,14,17,19,23,33,37,47,42,32,45,58,19,17,16,25,29,34,33,30,32,14
social development,13,16,18,21,35,29,58,42,14,19,34,0,0,0,0,29,18,26,0,0,6
east asian countries,13,0,7,0,0,0,0,0,0,0,0,0,0,0,0,0,0,0,0,0,0
win-win results,13,0,0,0,0,11,0,16,12,0,0,0,0,0,10,0,0,0,0,0,0
member states,13,49,24,13,34,32,14,49,12,19,56,11,0,6,12,11,0,16,9,13,22
multilateral cooperation,13,0,0,0,0,0,0,0,0,0,0,0,0,0,14,0,0,0,0,0,0
common interests,12,18,20,17,15,34,33,38,35,28,39,24,10,10,19,22,0,18,13,16,8
fourth,12,11,18,16,38,33,28,33,19,28,39,21,18,14,22,47,32,25,19,22,12
human civilization,12,0,0,0,0,19,0,0,0,0,0,0,0,0,0,0,11,0,12,10,5
chinese government,12,39,39,78,73,42,39,44,40,44,48,29,18,11,18,24,9,11,18,18,11
comrades,12,0,0,0,0,0,0,0,0,0,0,0,0,0,0,0,0,0,0,0,7
japanese aggressors,12,0,0,0,0,0,0,0,0,0,0,0,0,0,0,0,0,0,0,0,0
economic growth,11,11,21,65,141,48,52,44,42,50,49,25,16,14,18,18,13,12,19,0,11
60th anniversary,11,0,0,0,14,0,0,0,0,0,0,0,0,0,0,0,0,0,0,0,0
gdp,10,24,11,15,35,38,33,18,30,44,30,20,18,14,20,18,0,15,0,0,4
strategic partnership,10,24,12,0,13,20,17,39,24,12,0,0,6,6,0,0,0,0,0,0,0
mutual understanding,10,20,12,26,26,34,28,43,20,32,26,21,10,7,10,0,0,0,9,13,4
rok,9,0,27,23,0,15,33,25,0,0,76,0,12,0,9,0,0,0,0,0,0
spain,9,0,0,0,0,0,0,0,0,0,0,0,0,0,0,0,0,0,0,0,0
distinguished colleagues,9,0,0,0,0,0,0,0,0,0,0,0,0,0,0,0,0,0,0,0,11
compatriots,9,0,0,0,0,0,0,0,0,0,0,0,0,0,0,0,0,0,0,0,0
sino-japanese,9,0,0,0,0,0,0,0,0,0,0,0,0,0,0,0,0,0,0,0,0
korea,8,0,0,0,0,0,0,0,0,0,0,0,0,0,0,0,0,0,0,0,0
full play,8,14,9,7,0,0,18,0,0,0,0,0,0,0,0,0,0,0,0,0,0
beneficial cooperation,8,27,22,15,20,23,37,38,27,23,20,19,6,0,23,35,20,18,16,29,6
win-win cooperation,8,11,7,8,0,17,29,37,43,48,124,70,36,19,30,36,31,49,41,39,12
whole world,8,0,0,10,18,16,0,0,0,0,0,15,0,0,0,13,11,0,10,0,0
international trade,8,0,7,0,0,0,0,0,0,0,0,0,0,0,0,0,0,0,0,0,0
common aspiration,8,0,0,0,0,0,0,0,0,0,0,0,0,0,0,0,0,0,0,0,0
chinese president,8,0,0,0,0,0,0,0,0,0,0,9,0,0,0,0,0,0,0,0,0
international cooperation,8,18,17,18,41,39,17,30,0,20,27,19,29,23,59,62,36,31,35,31,9
ethnic groups,8,0,0,0,19,0,0,0,0,0,0,0,0,0,9,0,0,11,0,0,5
november,7,13,0,0,0,0,11,0,10,14,25,0,7,7,11,18,10,15,9,0,0
wen,7,0,24,30,43,60,13,44,0,0,0,0,0,0,0,0,0,0,0,0,0
great pleasure,7,0,0,9,0,12,16,16,17,20,27,0,0,6,19,0,15,17,14,22,7
trade area,7,0,0,0,0,0,13,0,0,0,0,0,7,0,0,0,0,0,0,0,0
energy conservation,7,0,0,8,13,10,20,19,0,0,0,0,0,0,0,0,0,0,0,0,0
fundamental interests,7,0,11,8,10,15,15,19,0,12,0,0,0,0,0,14,0,0,0,0,0
mutual respect,7,7,7,8,11,21,42,42,25,28,27,18,13,13,31,36,28,31,21,28,5
bilateral relations,7,26,0,17,25,41,46,101,32,33,23,15,0,0,0,11,0,0,0,17,0
people 's republic,7,18,11,9,28,24,28,35,36,36,44,18,0,10,36,37,31,0,0,0,0
important speech,7,13,0,7,11,0,0,0,0,0,0,0,0,0,0,0,0,0,0,0,0
distinguished,7,7,0,9,0,0,19,0,12,13,34,12,0,7,13,20,12,0,16,15,10
irreplaceable role,7,0,0,0,0,0,0,0,0,0,0,0,0,0,0,0,0,0,0,0,0
york,7,0,0,0,0,0,0,0,0,0,0,0,0,0,0,0,0,0,0,0,0
un security council,7,0,0,0,0,0,0,0,0,14,16,0,0,0,0,0,0,0,0,0,0
collective security mechanism,7,0,0,0,0,0,0,0,0,0,0,0,0,0,0,0,0,0,0,0,0
plenary session,7,0,0,0,0,0,0,0,0,0,0,0,0,0,0,0,0,0,0,0,0
human society,7,6,0,0,0,0,0,0,0,0,0,0,0,0,0,0,0,0,0,0,4
region,7,0,0,0,0,0,0,0,0,0,0,0,0,0,0,0,0,0,0,0,0
asia summit,6,0,0,0,0,0,0,0,0,0,0,0,0,0,0,0,0,0,0,0,0
india,6,21,0,50,0,43,0,46,63,62,47,13,0,7,0,14,0,0,0,0,0
transnational crimes,6,0,0,0,0,0,0,0,0,0,0,0,0,0,0,0,0,0,0,0,0
safeguard peace,6,0,0,0,0,0,0,0,0,0,0,0,0,0,0,0,0,0,0,0,0
thanks,6,0,12,0,12,11,14,0,0,0,0,10,10,0,11,0,0,0,0,0,0
declaration,6,0,0,0,0,0,0,0,0,0,0,0,0,0,0,0,0,0,0,0,0
july,6,0,0,0,10,0,0,0,0,0,0,9,0,0,0,0,0,0,0,0,0
world 's,6,0,0,9,0,10,14,20,17,17,33,16,10,10,18,24,13,0,0,0,4
's world,6,0,0,0,0,0,0,0,0,0,0,0,0,0,9,0,0,0,0,0,0
cold,6,0,0,0,0,0,0,0,0,0,0,0,0,0,0,19,17,31,34,23,5
countries,6,0,6,20,17,15,16,0,28,13,29,23,10,0,9,20,10,11,0,14,7
forum,6,72,19,31,26,37,21,50,28,21,49,26,41,39,72,28,25,21,50,38,5
own development,6,0,6,10,0,10,10,0,17,0,16,9,6,7,0,0,0,0,0,0,0
public health,6,0,0,0,0,0,0,0,0,0,0,0,0,0,0,22,9,0,0,0,0
hong kong,6,0,0,0,9,0,0,0,0,15,27,0,12,9,13,48,22,30,10,0,0
different countries,6,0,0,0,0,0,0,0,0,0,0,0,0,0,0,0,0,0,0,0,0
great victory,6,0,0,0,0,0,0,0,0,0,0,0,0,0,0,0,0,0,0,0,0
mdgs,6,0,9,21,15,13,0,0,0,0,0,0,0,0,0,0,0,0,0,0,0
prosperous society,6,0,0,0,0,0,10,13,14,0,20,9,0,0,0,18,13,0,0,0,0
session,6,0,0,0,0,0,0,0,0,0,0,0,0,0,0,0,13,0,0,0,0
canada,6,0,0,0,66,27,0,0,0,0,0,0,0,0,0,0,0,0,0,0,0
territorial integrity,6,0,0,0,0,12,22,0,10,24,16,0,0,0,0,11,9,24,12,16,4
great rejuvenation,6,0,0,0,0,0,0,0,0,0,0,0,0,0,0,0,0,0,8,0,6
human race,6,0,0,0,0,0,0,0,0,0,0,0,0,0,0,0,0,0,0,0,0
japanese aggression,6,0,0,0,0,0,0,0,0,0,0,0,0,0,0,0,0,0,0,0,0
malaysia,5,0,0,0,0,0,0,0,12,0,0,0,0,0,0,0,0,0,0,16,22
wen jiabao,5,0,13,19,19,30,18,24,0,0,0,0,0,0,0,0,0,0,0,0,0
east asian cooperation,5,0,0,0,0,0,23,0,0,0,0,0,0,0,0,0,0,13,0,0,0
natural disasters,5,0,0,10,10,0,0,0,0,0,0,0,0,0,0,0,0,0,0,0,0
december,5,0,0,0,0,0,0,0,0,0,0,0,0,0,0,0,0,0,0,0,0
business community,5,0,0,7,0,0,10,0,0,0,0,0,0,0,0,0,0,0,0,0,0
profound changes,5,0,8,0,12,0,0,0,0,0,0,0,0,0,0,0,0,0,0,0,0
new situation,5,0,0,0,0,0,0,0,0,0,0,0,0,0,0,0,0,0,0,0,0
long time,5,0,0,0,0,0,0,0,0,0,0,0,0,0,0,0,0,0,0,0,0
modernization drive,5,0,0,0,0,0,0,0,0,0,0,0,0,0,0,0,0,0,0,0,0
steady growth,5,0,6,9,13,0,0,20,19,11,0,12,6,8,15,0,0,0,0,0,0
harmonious society,5,0,6,0,0,0,0,0,0,0,0,0,0,0,0,0,0,0,0,0,0
china-asean free,5,0,0,0,0,0,0,0,0,0,0,0,0,0,0,0,0,0,0,0,0
full account,5,0,0,0,0,0,0,0,0,0,0,0,0,0,0,0,0,0,0,0,0
communicable diseases,5,12,6,0,0,0,0,0,0,0,0,0,0,0,0,0,0,0,0,0,0
state-to-state relations,5,0,0,0,0,0,0,0,0,0,0,0,8,0,0,0,0,0,0,18,0
regional issues,5,14,0,0,0,13,0,18,0,0,0,0,0,0,0,0,0,0,0,0,0
open mind,5,0,0,0,0,0,0,0,0,0,0,0,0,0,0,0,0,0,0,0,0
national conditions,5,0,7,8,23,0,0,0,11,15,0,0,7,8,0,0,0,0,12,0,0
new security concept,5,0,0,0,0,0,0,0,0,0,0,0,0,0,0,0,0,0,0,0,0
together,5,0,0,0,0,11,11,0,0,11,22,0,7,0,13,22,12,12,15,19,10
common ground,5,0,14,8,13,16,16,15,10,20,17,14,9,0,0,14,0,0,14,0,0
security cooperation,5,0,7,0,0,0,0,0,0,0,0,0,11,0,0,0,0,11,0,0,0
avian flu,5,0,0,0,0,0,0,0,0,0,0,0,0,0,0,0,0,0,0,0,0
various fields,5,0,6,0,0,16,15,21,12,0,0,0,0,0,0,0,0,0,0,0,0
non-traditional security threats,5,7,5,0,0,0,0,0,0,0,0,0,0,0,0,0,0,0,0,0,0
hard work,5,0,0,0,12,10,10,0,10,0,0,0,0,0,9,0,8,0,0,0,0
favorable conditions,5,9,0,0,0,0,0,0,0,0,0,0,0,0,0,0,0,0,0,0,0
north-south,5,0,8,0,0,0,0,0,10,0,16,0,0,0,0,0,9,0,0,0,5
debt relief,5,0,0,0,0,0,0,0,0,0,0,0,0,0,0,0,0,0,0,0,0
technological cooperation,5,12,8,0,0,0,0,0,0,0,0,0,0,0,0,0,0,0,0,0,0
ecotech,5,0,0,0,0,0,0,0,0,0,0,0,0,0,0,0,0,0,0,0,0
goals,5,7,7,9,15,16,0,0,0,0,0,0,0,0,0,0,0,0,0,0,0
beijing,5,11,9,71,11,18,12,28,15,23,42,21,12,9,25,31,13,23,12,18,13
trade cooperation,5,92,12,0,9,0,15,17,0,0,0,0,0,0,0,0,0,0,0,0,0
asian-pacific,5,0,0,0,0,0,0,0,0,0,0,0,0,0,0,0,0,0,0,0,0
germany,5,0,0,0,0,0,79,26,21,20,0,0,0,0,0,0,0,0,0,0,0
fascism,5,0,0,0,0,0,0,0,0,0,0,0,0,0,0,0,0,0,0,0,0
macao,5,0,0,0,0,15,0,0,0,0,0,0,0,6,0,0,0,0,0,0,0
chinese characteristics,5,10,0,0,0,0,0,0,16,0,0,11,12,14,32,25,18,36,0,32,0
peaceful reunification,5,10,0,0,0,0,0,0,0,0,0,0,0,0,0,0,0,0,0,0,0
li,5,0,11,0,0,0,0,0,0,0,0,0,27,24,0,0,0,13,0,0,0
african countries,5,0,9,0,30,0,0,27,0,14,20,0,0,8,0,11,22,0,14,0,0
important consensus,5,0,0,0,0,0,0,16,0,0,0,0,0,0,0,0,0,0,0,0,0
important role,5,0,6,12,14,15,18,23,17,12,0,0,0,0,0,0,0,0,0,0,4
congress,5,15,14,0,0,0,0,13,21,0,0,14,32,28,0,0,0,52,21,0,0
wu,5,26,6,0,0,0,0,0,0,0,0,0,0,0,0,0,0,0,0,0,0
inter-parliamentary,5,0,0,0,0,0,0,0,0,0,0,0,0,0,0,0,0,0,0,0,0
chinese people 's war,5,0,0,0,0,0,0,0,0,0,15,0,0,0,0,0,0,0,0,0,0
fascist,5,0,0,0,0,0,0,0,0,0,0,0,0,0,0,0,0,0,0,0,0
europe,5,14,43,29,16,63,70,110,43,122,77,39,16,11,37,26,24,10,10,31,0
japanese militarists,5,0,0,0,0,0,0,0,0,0,0,0,0,0,0,0,0,0,0,0,0
national salvation,5,0,0,0,0,0,0,0,0,0,0,0,0,0,0,0,0,0,0,0,0
kmt,5,0,0,0,0,0,0,0,0,0,0,0,0,0,0,0,0,0,0,0,0
enemy 's,5,0,0,0,0,0,0,0,0,0,0,0,0,0,0,0,0,0,0,0,0
national sovereignty,5,0,0,0,0,0,0,0,0,0,0,0,0,0,0,0,0,0,0,0,0
common progress,4,0,0,0,0,0,0,0,0,0,0,0,0,0,0,0,0,0,0,0,0
dialogue,4,0,22,11,0,0,0,0,0,0,22,10,0,0,10,0,0,0,0,0,0
enhance cooperation,4,0,7,0,18,10,12,22,0,0,0,0,0,0,0,0,0,0,0,0,5
chiang mai initiative,4,0,0,0,0,0,0,0,0,0,0,0,0,0,0,0,0,0,0,0,0
regional peace,4,0,0,0,0,0,19,20,11,0,0,16,7,0,0,0,0,0,0,0,0
recent years,4,15,9,16,18,18,20,31,25,20,29,19,11,15,11,13,12,16,8,15,7
sustainable development,4,16,24,33,39,47,41,111,39,20,58,63,23,13,48,41,73,69,32,20,13
global economy,4,0,7,12,0,0,19,16,19,28,34,13,21,6,13,24,0,14,13,10,7
solid foundation,4,7,0,0,11,0,10,13,15,11,0,0,0,0,0,0,0,0,0,0,0
common interest,4,7,0,0,0,0,0,0,0,0,0,0,0,0,0,0,0,0,0,0,0
actual conditions,4,0,0,0,0,0,0,0,0,0,0,0,0,0,0,0,0,0,0,0,0
peaceful coexistence,4,0,0,0,0,10,11,0,0,47,0,0,0,0,0,18,12,20,13,74,0
political mutual trust,4,8,7,0,11,0,0,20,0,0,23,14,0,0,0,0,0,0,0,0,0
new areas,4,0,0,0,0,0,10,0,0,0,0,0,0,0,0,0,0,0,0,0,0
joint statement,4,0,6,0,0,0,0,0,13,0,24,0,10,0,0,0,0,0,0,0,0
pathogenic avian flu,4,0,0,0,0,0,0,0,0,0,0,0,0,0,0,0,0,0,0,0,0
capacity building,4,0,0,0,0,0,0,0,0,0,0,0,0,0,0,0,0,0,0,0,0
human resources development,4,7,0,0,0,0,0,0,0,0,0,0,0,0,0,0,0,0,0,0,0
philippines,4,0,0,0,0,0,0,0,0,0,0,40,0,0,0,0,0,15,0,0,0
personnel exchanges,4,0,0,0,0,0,0,0,0,0,0,0,0,0,0,0,0,0,0,0,0
international organizations,4,8,5,7,11,0,0,0,0,0,20,11,18,7,17,22,32,29,17,11,6
h.e,4,0,0,0,23,20,18,23,22,27,25,12,0,8,15,23,23,22,23,22,18
foreign trade,4,0,0,0,0,0,0,0,0,0,0,0,0,0,0,0,0,0,0,0,0
facts,4,0,0,0,0,0,0,0,0,0,0,0,0,0,0,0,0,0,0,0,0
sco,0,65,54,13,37,69,18,75,23,42,67,0,0,14,80,83,0,82,32,53,36
brazil,0,63,0,0,0,12,0,0,14,30,30,0,0,0,0,0,0,0,0,34,0
chile,0,50,0,0,0,0,0,0,0,0,0,0,0,0,0,0,0,0,0,0,0
china-africa,0,49,34,0,52,16,0,88,34,39,120,33,9,16,41,50,86,18,43,34,0
arab,0,45,0,0,64,0,0,58,0,49,0,92,0,9,0,0,13,24,9,80,0
china-chile,0,37,0,0,0,0,0,0,0,0,0,0,0,0,0,0,0,0,0,0,0
china-arab,0,32,0,0,0,0,0,22,0,0,0,17,0,0,0,0,0,17,9,44,0
afghanistan,0,31,0,0,0,108,28,0,0,73,92,12,8,0,16,30,67,19,0,10,0
america,0,27,0,0,0,12,0,0,37,37,59,0,0,15,0,0,10,0,0,20,0
nam,0,22,0,0,0,0,0,0,0,0,0,0,0,0,0,0,0,0,0,0,0
npc,0,22,0,0,0,0,0,0,0,0,0,0,0,0,0,0,0,0,0,0,0
brazilian,0,22,0,0,0,0,0,0,0,0,0,0,0,0,0,0,0,0,0,0,0
dear,0,20,28,46,43,24,26,51,52,44,53,22,14,0,0,0,12,0,0,16,0
wto,0,20,7,0,0,0,21,0,0,0,0,0,0,10,18,12,16,0,0,0,5
latin american countries,0,20,0,0,0,0,0,0,0,14,0,0,0,0,0,0,0,0,0,0,0
eu,0,19,8,0,22,50,105,91,13,51,90,23,13,0,36,21,20,0,0,0,0
chilean,0,19,0,0,0,0,0,0,0,0,0,0,0,0,0,0,0,0,0,0,0
asem,0,18,0,25,0,15,0,15,0,0,0,0,0,0,0,0,0,0,0,0,0
international affairs,0,17,13,0,13,16,20,30,31,27,15,0,8,10,15,16,12,0,0,11,0
joint efforts,0,17,10,11,13,22,20,25,11,12,27,15,16,6,15,15,9,14,19,13,0
ipr,0,16,0,0,28,0,0,0,0,0,0,0,0,18,0,0,0,0,0,0,0
trade relations,0,15,0,0,0,0,0,0,0,0,0,0,0,0,0,0,0,0,0,0,0
bilateral cooperation,0,15,6,7,0,0,0,23,13,11,0,0,0,0,0,0,0,0,0,0,0
chinese companies,0,15,0,0,0,0,24,23,15,0,25,0,10,7,0,15,9,0,9,0,0
nuclear issue,0,15,9,8,0,11,0,16,17,17,24,39,19,16,0,0,0,0,0,0,0
standing,0,15,0,0,0,0,0,0,0,0,0,0,0,0,0,0,0,0,0,0,0
global peace,0,14,0,0,0,0,0,0,0,0,0,0,0,8,0,0,0,0,8,0,5
south-south,0,14,0,8,10,0,0,0,0,15,35,0,10,7,11,18,10,24,10,11,0
bilateral trade,0,13,0,0,0,16,19,0,0,0,0,0,0,0,0,0,0,0,0,0,0
business communities,0,13,0,10,0,0,0,0,0,0,0,0,0,0,0,0,0,0,0,0,0
new type,0,13,6,0,0,0,0,50,10,27,54,25,11,16,29,26,10,12,0,17,0
china-eu,0,13,8,0,17,34,29,75,14,30,53,18,0,6,19,12,12,0,0,0,0
doha,0,12,6,10,17,11,10,0,0,0,0,0,0,0,0,0,0,0,0,0,0
ministerial meeting,0,12,0,0,0,0,0,0,0,0,17,0,0,11,0,0,0,0,0,0,0
wu bangguo,0,12,0,0,0,0,0,0,0,0,0,0,0,0,0,0,0,0,0,0,0
taiwan straits,0,12,0,0,0,0,0,0,0,0,0,0,0,0,0,0,0,0,0,0,0
afghan,0,12,0,0,0,47,0,0,0,25,33,0,0,0,0,12,20,0,0,0,0
bilateral trade volume,0,11,0,0,0,0,0,0,0,0,0,0,0,0,0,0,0,0,0,0,0
mutual investment,0,11,0,0,0,0,0,0,0,0,0,0,0,0,0,0,0,0,0,0,0
new level,0,11,0,0,0,0,0,0,0,0,0,0,0,0,9,0,0,0,0,0,0
traditional friendship,0,11,8,0,11,0,10,23,14,0,0,9,0,0,0,0,0,0,8,10,0
cultural exchanges,0,11,0,18,17,24,16,23,12,0,18,14,0,0,0,0,0,12,0,0,0
diplomatic ties,0,11,6,0,0,13,20,0,11,0,0,0,0,0,9,23,0,0,0,14,0
opening ceremony,0,11,10,8,17,27,0,17,0,0,0,0,0,6,10,0,0,12,10,0,6
environmental protection,0,11,16,21,27,22,23,41,15,31,24,0,0,0,14,0,0,0,0,0,0
straits,0,11,0,0,0,0,0,0,0,0,0,0,0,0,0,0,0,0,0,0,0
may,0,11,8,0,0,0,0,15,0,0,0,0,8,7,10,0,13,0,0,0,4
shanghai,0,11,18,0,25,67,16,21,0,14,24,9,8,12,15,0,0,18,14,15,9
rural areas,0,10,0,0,23,19,0,13,0,19,0,0,0,0,0,0,0,0,0,0,0
great importance,0,10,0,14,13,22,12,23,11,0,0,0,0,0,0,0,0,0,0,0,0
investment cooperation,0,10,0,0,11,0,0,0,0,0,0,0,6,0,0,0,0,0,0,0,0
pragmatic cooperation,0,10,6,0,0,17,0,16,0,0,0,0,0,0,0,0,0,0,0,0,0
friendly cooperation,0,10,0,0,9,17,0,14,0,0,0,0,0,0,0,0,0,0,0,0,0
madam,0,10,0,0,0,0,0,0,0,0,0,0,0,0,0,0,0,0,0,0,0
cross-straits relations,0,10,0,0,9,0,0,0,0,0,0,0,0,0,0,0,0,0,0,0,0
li zhaoxing,0,10,0,0,0,0,0,0,0,0,0,0,0,0,0,0,0,0,0,0,0
romania,0,10,0,0,0,0,0,0,0,0,0,0,0,0,0,0,0,0,0,0,0
ministry,0,9,0,0,0,0,0,0,11,0,18,10,0,9,0,0,0,0,0,0,0
new era,0,9,0,0,12,10,0,0,19,16,20,11,14,28,31,21,17,31,32,57,5
social progress,0,9,8,0,10,0,10,0,0,0,0,0,0,0,0,0,0,0,0,0,0
mutual benefits,0,9,6,9,0,0,0,0,0,0,0,0,0,0,0,0,0,0,0,0,0
economic construction,0,9,0,0,0,0,0,0,0,0,0,0,0,0,0,0,0,0,0,0,0
partnership,0,9,0,0,0,0,0,0,11,0,0,0,7,0,9,12,28,20,0,15,0
warm congratulations,0,9,7,7,0,0,12,14,0,0,0,0,0,0,0,0,0,0,9,0,0
foreign minister,0,9,10,0,0,10,0,30,14,28,0,0,0,11,0,12,16,14,12,0,0
new chapter,0,9,0,0,0,0,0,14,0,11,0,0,0,0,0,0,0,0,8,15,5
chinese side,0,9,0,0,0,13,0,0,11,14,0,0,0,0,0,13,0,0,0,0,0
arabic,0,9,0,0,0,0,0,0,0,0,0,0,0,0,0,0,0,0,0,0,0
u.s.,0,8,8,14,0,0,0,0,0,0,0,0,0,0,0,14,14,50,18,23,0
rmb yuan,0,8,0,0,0,0,0,0,0,0,0,0,0,0,0,0,0,0,0,0,0
political system,0,8,0,0,0,0,0,0,0,0,0,0,0,0,0,0,0,0,0,0,0
bilateral ties,0,8,8,11,0,15,0,24,0,0,0,0,0,0,0,11,0,0,0,0,0
tangible benefits,0,8,0,0,0,0,0,0,13,0,0,0,0,0,0,0,0,0,0,0,0
people-to-people exchanges,0,8,0,0,0,13,23,41,18,29,31,0,6,0,15,0,0,0,12,20,9
mutual support,0,8,0,0,0,0,0,0,0,0,0,0,0,0,9,0,0,0,0,0,4
business ties,0,8,10,0,0,0,17,0,0,0,0,0,0,0,0,0,0,0,0,0,0
full use,0,8,0,0,9,0,0,0,0,0,0,0,0,0,0,0,0,0,0,0,0
june,0,8,0,0,13,0,13,16,0,12,0,0,0,0,9,0,0,0,0,0,0
asia-europe,0,8,0,8,0,13,0,0,0,0,0,0,0,0,0,0,0,0,0,0,0
iranian,0,8,6,0,0,0,0,16,0,15,18,26,0,6,0,0,0,0,0,0,0
global energy security,0,8,0,0,0,0,0,0,0,0,0,0,0,0,0,0,0,0,0,0,0
smes,0,8,0,6,0,0,11,0,0,0,0,0,15,0,0,0,0,0,0,0,0
important part,0,8,0,7,0,0,0,0,0,0,0,0,0,0,0,0,0,0,0,0,0
large projects,0,8,0,0,0,0,0,0,0,0,0,0,0,0,0,0,0,0,0,0,0
cooper resources,0,8,0,0,0,0,0,0,0,0,0,0,0,0,0,0,0,0,0,0,0
infrastructure construction,0,8,0,0,0,0,0,0,0,0,0,0,0,0,0,0,0,0,0,0,0
china-brazil,0,8,0,0,0,0,0,0,0,0,0,0,0,0,0,0,0,0,0,0,0
separatist forces,0,8,0,0,0,0,0,0,0,0,0,0,0,0,0,0,0,0,0,0,0
russia,0,8,16,16,37,21,30,39,57,28,22,15,12,22,50,44,17,19,22,19,7
outside world,0,7,0,12,0,0,14,0,10,0,0,0,0,0,0,0,0,0,0,0,0
national strength,0,7,0,0,0,0,0,0,0,0,0,0,0,0,0,0,0,0,0,0,0
sticking,0,7,0,0,0,0,0,0,0,0,0,0,0,0,0,0,0,0,0,0,0
rapid growth,0,7,0,0,0,0,0,0,0,0,0,0,0,6,0,0,0,0,0,0,0
's economy,0,7,0,7,17,0,17,0,14,14,24,0,11,8,0,0,0,0,0,0,0
great potential,0,7,0,0,0,0,0,0,0,0,0,0,0,0,0,0,0,0,0,0,0
constructive role,0,7,0,0,0,13,12,14,11,13,18,10,6,0,9,0,0,0,0,10,0
friendly exchanges,0,7,0,7,0,10,12,0,10,0,0,0,0,0,0,0,0,0,0,0,4
new stage,0,7,0,0,0,0,0,0,0,0,0,0,0,0,0,0,0,0,10,0,0
new ways,0,7,0,0,0,0,0,0,0,0,0,0,0,0,0,0,0,0,0,0,0
rapid economic growth,0,7,0,0,0,0,0,0,0,0,0,0,0,0,0,0,0,0,0,0,0
central committee,0,7,0,0,12,0,0,0,30,21,21,16,15,8,17,25,16,43,16,23,9
important platform,0,7,0,0,0,0,0,0,0,0,0,0,0,0,0,0,0,0,0,0,0
collective dialogue,0,7,0,0,0,0,0,0,0,0,0,0,0,0,0,0,0,0,0,0,0
millennium,0,7,7,9,15,16,0,0,0,0,0,0,0,0,0,0,0,0,0,0,0
priority areas,0,7,6,0,0,0,0,0,0,0,0,0,0,0,0,0,0,0,0,0,0
energy,0,7,0,0,0,0,0,0,0,0,0,0,0,0,0,0,0,0,0,0,0
g77,0,7,0,0,0,0,0,0,13,19,0,0,0,0,0,0,0,0,9,0,0
energy security,0,7,6,12,0,0,0,14,0,0,0,0,0,0,0,0,0,14,0,0,0
political development road,0,7,0,0,0,0,0,0,0,0,0,0,0,0,0,0,0,0,0,0,0
free trade agreement,0,7,0,0,0,0,0,0,0,0,0,0,0,0,0,0,0,0,0,0,0
's visit,0,7,0,0,0,0,0,34,0,0,17,0,0,0,0,0,0,0,0,0,0
cooperation organization,0,7,9,0,0,0,0,0,0,0,0,0,0,6,9,0,0,12,0,10,9
china-latin america,0,7,0,0,0,0,0,0,0,17,0,0,0,0,0,0,0,0,0,0,0
mineral resources,0,7,0,0,0,0,0,0,0,0,0,0,0,0,0,0,0,0,0,0,0
journalist,0,7,0,0,0,0,0,0,0,0,0,0,0,0,0,0,0,0,0,0,0
romanian,0,7,0,0,0,0,0,0,0,0,0,0,0,0,0,0,0,0,0,0,0
china-us,0,7,26,44,43,63,89,214,27,30,61,56,23,13,26,69,9,18,10,0,0
state council,0,6,13,8,23,20,10,19,11,14,16,0,0,0,0,0,0,0,0,0,7
according,0,6,0,0,0,0,0,0,0,11,0,0,7,0,0,0,0,0,0,0,0
rural development,0,6,0,0,0,0,0,0,0,0,0,0,0,0,0,0,0,0,0,0,0
energy consumption,0,6,0,0,0,0,0,0,0,0,0,0,0,0,0,0,0,0,0,0,0
currently,0,6,0,0,0,0,0,0,0,0,0,0,0,0,0,0,0,0,0,0,0
singapore,0,0,33,0,0,0,0,0,0,0,51,0,0,0,0,0,0,0,0,0,0
practical cooperation,0,0,20,7,24,26,35,45,30,33,48,19,11,10,23,16,13,22,12,10,4
china-japan,0,0,19,35,0,33,47,62,0,0,0,0,0,10,0,0,0,0,0,0,0
iraq,0,0,19,0,0,0,0,0,0,0,0,0,0,0,0,0,0,0,0,0,0
climate,0,0,18,11,34,10,0,0,0,0,0,0,0,0,10,0,0,0,0,0,9
prime,0,0,18,25,28,38,14,33,18,32,38,0,0,9,11,0,0,0,0,18,7
australia,0,0,18,0,0,0,0,0,0,33,0,0,0,0,0,0,0,0,0,11,0
sustainable future,0,0,18,0,0,0,0,0,0,0,0,0,0,0,0,0,0,0,0,0,0
saarc,0,0,16,0,0,0,0,0,0,0,0,0,0,0,0,0,0,0,0,0,0
business relations,0,0,14,0,0,0,11,0,0,0,0,0,0,0,0,0,0,0,0,0,0
product quality,0,0,13,0,0,0,0,0,0,0,0,0,0,0,0,0,0,0,0,0,0
yang,0,0,12,10,0,25,0,65,0,0,0,0,0,0,0,0,0,0,0,0,0
kingdom,0,0,11,0,0,0,0,0,0,0,0,0,0,0,0,0,0,0,0,0,0
technological innovation,0,0,11,0,10,0,16,14,0,0,0,0,0,0,0,0,0,0,0,0,7
meeting,0,0,10,9,9,10,20,20,20,21,24,15,8,0,14,13,16,23,18,13,9
sino-u.s.,0,0,10,0,0,0,0,0,0,0,0,0,0,0,0,0,0,0,0,0,0
yang jiechi,0,0,9,0,0,10,0,18,0,0,0,12,0,0,0,0,0,0,0,0,0
past year,0,0,9,0,0,0,0,0,0,17,0,0,0,8,10,17,31,0,0,27,0
international issues,0,0,9,0,0,0,0,0,0,0,0,0,0,0,0,0,0,0,0,0,0
's strengths,0,0,9,0,0,0,0,0,0,0,0,0,0,0,0,0,0,0,0,0,0
food safety,0,0,9,0,0,0,0,0,0,0,0,0,0,0,0,0,0,0,0,0,0
deepen cooperation,0,0,9,11,14,0,13,17,13,0,0,0,0,0,0,11,10,12,9,11,0
early date,0,0,9,8,19,22,21,0,0,12,16,9,6,0,0,12,9,12,0,0,0
arf,0,0,9,0,0,0,0,0,0,0,0,0,0,0,0,0,0,0,0,0,0
beijing summit,0,0,9,0,10,0,0,0,0,0,0,0,0,0,0,0,0,0,0,0,0
ici,0,0,9,0,0,0,0,0,0,0,0,0,0,0,0,0,0,0,0,0,0
central asian countries,0,0,8,0,0,0,16,0,0,0,0,0,0,0,0,0,0,0,14,0,12
win-win progress,0,0,8,18,20,0,0,0,0,0,0,0,0,0,0,0,0,0,0,0,0
uk,0,0,8,0,0,0,14,0,0,19,0,0,0,0,0,0,0,0,0,0,0
fta,0,0,8,0,0,12,18,0,22,0,0,0,0,0,0,0,0,0,0,0,0
adb,0,0,8,0,0,0,0,0,0,0,0,0,0,0,0,0,0,0,0,0,0
young people,0,0,8,11,16,0,0,0,0,15,17,0,0,0,0,0,0,0,10,0,0
all-round way,0,0,7,0,0,0,0,0,0,0,0,0,0,0,0,0,0,0,0,0,0
framework,0,0,7,12,14,14,0,0,0,0,0,0,0,0,0,0,0,0,0,0,0
turkmenistan,0,0,7,0,0,0,0,0,0,0,0,0,0,0,0,0,0,0,0,0,0
trade protectionism,0,0,7,10,10,0,0,0,0,0,0,0,0,0,0,0,0,0,0,0,0
agreement,0,0,7,0,0,0,0,0,0,0,0,0,0,0,0,0,0,0,0,0,0
policy measures,0,0,7,0,0,0,0,0,0,0,0,0,0,0,0,0,0,0,0,0,0
reform,0,0,7,14,0,0,0,0,0,0,0,0,0,0,0,0,0,0,0,0,0
international development cooperation,0,0,7,0,0,0,0,0,0,0,0,0,0,0,0,0,0,0,0,0,0
china-russia,0,0,7,7,22,0,0,18,17,12,0,0,9,12,27,0,0,0,16,0,0
friendship,0,0,7,10,0,0,0,18,0,0,0,0,0,7,0,0,0,0,0,0,0
regional economic cooperation,0,0,7,0,0,0,0,0,0,0,0,0,0,0,0,0,0,0,0,0,0
iraqi,0,0,7,0,0,0,0,0,0,0,0,0,0,0,0,0,0,0,0,0,0
sustainable growth,0,0,7,0,0,11,12,0,0,0,0,0,0,0,0,0,0,0,0,0,0
co2,0,0,7,0,0,0,0,0,0,0,0,0,0,0,0,0,0,0,0,0,0
china-rok,0,0,7,11,0,0,0,0,0,0,0,0,0,0,0,0,0,0,0,0,0
avian influenza,0,0,7,0,0,0,0,0,0,0,0,0,0,0,0,0,0,0,0,0,0
independent foreign policy,0,0,6,0,0,0,0,0,0,0,0,0,0,0,0,0,0,0,0,0,0
unfccc,0,0,6,0,0,0,0,0,0,0,0,0,0,0,0,0,0,0,0,0,0
kyoto protocol,0,0,6,8,19,0,0,0,0,0,0,0,0,0,0,0,0,0,0,0,0
foreign policy,0,0,6,0,0,0,0,0,10,0,0,0,11,13,0,0,0,0,0,0,0
politically,0,0,6,0,0,0,0,0,0,0,0,0,0,0,0,0,0,0,0,0,0
harmonious development,0,0,6,0,0,0,0,0,0,0,0,0,0,0,0,0,0,0,0,0,0
comprehensive strategic partnership,0,0,6,0,0,0,12,21,23,23,0,9,0,8,15,0,0,11,8,36,0
cooperation mechanisms,0,0,6,0,0,0,0,0,0,0,0,0,0,0,0,0,0,0,0,0,0
long-term good-neighborliness,0,0,6,0,0,0,0,0,0,0,0,0,0,0,0,0,0,0,0,0,0
intellectual property rights,0,0,6,0,0,0,11,0,0,0,0,0,0,6,0,0,10,0,0,0,0
energy efficiency,0,0,6,0,0,0,0,0,0,0,0,0,0,0,0,0,0,0,0,0,0
april,0,0,6,0,11,0,0,0,0,0,0,0,0,0,18,0,0,0,0,0,0
international law,0,0,6,0,0,0,0,0,0,36,25,43,0,0,11,28,25,23,15,18,12
poverty alleviation,0,0,6,0,0,0,0,0,0,0,0,0,0,0,0,0,10,0,0,0,0
bright future,0,0,6,0,0,0,0,0,0,0,0,0,0,0,0,0,0,0,0,0,4
new progress,0,0,5,0,0,0,0,0,14,0,0,11,7,6,11,0,10,0,0,0,0
core mechanism,0,0,5,0,0,0,0,0,0,0,0,0,0,0,0,0,0,0,0,0,0
darfur,0,0,5,0,0,0,0,0,0,0,0,0,0,0,0,0,0,0,0,0,0
communist party,0,0,5,0,0,0,0,0,13,0,18,0,14,11,18,13,25,27,26,10,10
fast economic growth,0,0,5,10,0,0,15,0,0,0,0,0,0,0,0,0,0,0,0,0,0
top priority,0,0,5,0,0,0,12,0,0,0,0,0,0,0,0,0,0,0,0,0,0
national development,0,0,5,0,0,0,0,0,0,0,0,0,0,0,0,0,0,0,0,11,0
policy steps,0,0,5,0,0,0,0,0,0,0,0,0,0,0,0,0,0,0,0,0,0
investment environment,0,0,5,0,0,0,0,0,0,0,0,0,0,0,0,0,0,0,0,0,0
trade imbalance,0,0,5,0,0,0,0,0,0,0,0,0,0,0,0,0,0,0,0,0,0
paulson,0,0,5,0,0,0,0,0,0,0,0,0,0,0,0,0,0,0,0,0,0
economic structure,0,0,5,0,0,11,21,15,13,0,0,0,0,6,0,0,0,0,0,0,0
speech,0,0,5,0,9,0,0,0,12,0,0,0,0,0,0,0,0,0,0,0,0
financial crisis,0,0,0,50,59,38,20,0,0,0,0,0,0,0,0,0,0,0,0,0,0
paralympic,0,0,0,23,0,0,0,0,0,0,0,0,0,0,0,0,0,0,0,0,0
china-india,0,0,0,23,0,0,0,30,11,0,0,0,0,6,0,0,0,0,0,0,0
international financial system,0,0,0,20,34,0,0,0,0,0,0,0,0,0,0,0,0,0,0,0,0
international financial crisis,0,0,0,18,116,60,48,59,27,15,0,0,0,0,0,0,0,0,0,0,0
food security,0,0,0,18,27,15,13,20,0,0,0,0,0,0,0,0,0,17,0,0,0
international financial markets,0,0,0,17,0,0,0,0,0,0,0,0,0,0,0,0,0,0,0,0,0
’ s,0,0,0,17,29,55,0,0,0,16,0,30,0,21,9,0,36,129,101,158,36
chinese economy,0,0,0,16,25,19,0,13,44,52,59,52,20,17,21,15,0,11,14,17,19
international financial stability,0,0,0,16,0,0,0,0,0,0,0,0,0,0,0,0,0,0,0,0,0
waseda,0,0,0,16,0,0,0,0,0,0,0,0,0,0,0,0,0,0,0,0,0
people 's livelihood,0,0,0,15,16,0,0,0,0,0,0,0,0,0,0,0,0,0,0,0,0
sub-regional cooperation,0,0,0,15,0,0,0,0,0,0,0,0,0,0,0,0,0,0,0,0,0
year marks,0,0,0,15,0,0,15,0,0,13,35,0,0,14,21,0,26,12,12,14,13
gms,0,0,0,15,0,0,0,0,0,0,0,0,0,21,0,0,0,0,0,0,0
domestic demand,0,0,0,14,52,28,15,15,15,0,0,0,0,0,0,0,0,0,0,0,5
financial stability,0,0,0,14,15,0,0,0,0,0,0,0,0,0,0,0,0,0,0,0,0
active part,0,0,0,14,17,12,20,13,13,13,23,12,0,0,0,15,13,0,0,0,0
beijing paralympic,0,0,0,14,0,0,0,0,0,0,0,0,0,0,0,0,0,0,0,0,0
real economy,0,0,0,13,16,0,0,0,0,0,0,0,0,0,0,0,0,0,0,0,0
effective measures,0,0,0,13,0,0,0,0,0,0,0,0,0,0,0,0,0,0,0,0,0
wenchuan,0,0,0,13,16,0,0,0,0,0,0,0,0,0,0,0,0,0,0,0,0
business cooperation,0,0,0,13,0,0,14,28,0,0,0,11,0,0,0,0,0,0,0,0,0
long way,0,0,0,12,0,0,0,0,11,0,15,0,0,0,0,0,0,0,0,0,0
various countries,0,0,0,12,0,0,0,0,0,0,0,0,0,0,0,0,0,0,0,0,0
people 's,0,0,0,12,27,11,33,25,22,30,35,9,7,0,23,25,11,11,0,0,0
financial regulation,0,0,0,11,15,0,0,0,0,0,0,0,0,0,0,0,0,0,0,0,0
bush,0,0,0,11,0,0,0,0,0,0,0,0,0,0,0,0,0,0,0,0,0
china-u.s.,0,0,0,11,0,0,0,0,0,0,0,0,0,0,0,19,25,38,76,18,0
us dollars,0,0,0,11,0,24,19,17,0,0,18,0,7,0,0,0,19,0,0,0,0
strong support,0,0,0,10,11,0,10,0,0,0,0,0,0,0,0,0,0,0,0,0,0
developing,0,0,0,10,13,0,0,0,0,0,0,0,0,0,0,0,0,0,0,0,0
various sectors,0,0,0,10,13,0,0,0,0,0,0,0,0,0,0,0,0,0,0,0,0
kissinger,0,0,0,10,0,0,0,0,0,0,0,0,0,0,0,0,0,0,0,0,0
financial markets,0,0,0,9,15,0,0,0,0,0,0,0,0,0,0,0,0,0,0,0,0
regional economic integration,0,0,0,9,11,0,15,0,0,0,0,0,0,0,9,0,0,11,0,0,0
heartfelt thanks,0,0,0,9,0,0,0,0,0,0,0,0,0,0,0,0,0,0,0,0,0
global economic growth,0,0,0,9,0,0,0,0,0,0,0,0,0,0,0,0,0,0,0,0,4
european countries,0,0,0,9,0,0,40,14,0,0,15,0,0,0,0,0,0,0,0,0,0
chine,0,0,0,9,0,0,0,0,0,0,0,0,0,0,0,0,0,0,0,0,0
international olympic committee,0,0,0,9,0,0,0,0,0,0,0,0,0,0,0,0,0,0,0,0,0
china-uk,0,0,0,9,0,0,0,0,0,0,0,0,0,0,0,0,0,0,0,0,0
macroeconomic policies,0,0,0,8,19,0,0,0,0,0,0,0,0,0,0,0,0,0,0,0,0
responsible attitude,0,0,0,8,0,0,0,0,0,0,0,0,0,0,0,0,0,0,0,0,0
disaster prevention,0,0,0,8,0,0,0,0,0,0,0,0,0,0,0,0,0,0,0,0,0
's reform,0,0,0,8,0,0,0,0,14,0,0,0,0,8,0,0,0,0,0,0,0
opening-up program,0,0,0,8,0,0,0,0,0,0,0,0,0,0,0,0,0,0,0,0,0
new century,0,0,0,8,0,0,0,0,0,0,0,0,0,0,0,0,0,0,0,0,0
developed,0,0,0,8,17,0,0,0,0,0,0,0,0,0,0,0,0,0,0,0,0
food prices,0,0,0,8,0,0,0,0,0,0,0,0,0,0,0,0,0,0,0,0,0
strategic mutual trust,0,0,0,8,0,0,0,15,0,0,0,0,0,0,0,0,0,0,0,0,0
kolkata,0,0,0,8,0,0,0,0,0,0,0,0,0,0,0,0,0,0,0,0,0
development opportunities,0,0,0,7,0,0,0,0,0,0,0,0,0,0,0,0,0,0,0,0,4
financial risks,0,0,0,7,0,0,0,0,0,0,0,0,0,7,0,0,0,0,0,0,0
international financial institutions,0,0,0,7,15,13,0,0,0,0,0,0,0,0,0,0,0,0,0,0,0
rmb,0,0,0,7,28,33,14,19,11,0,46,20,21,0,0,0,0,0,0,0,0
financial sector,0,0,0,7,0,0,0,0,0,0,0,0,0,8,0,0,0,0,0,0,0
bali,0,0,0,7,0,0,0,0,0,0,0,0,0,0,0,0,0,0,8,0,0
stable development,0,0,0,7,0,0,0,0,0,0,0,0,0,0,0,0,0,0,0,0,0
pr,0,0,0,7,0,0,0,0,0,0,0,0,0,0,0,0,0,0,0,0,0
friendly relations,0,0,0,7,0,11,0,0,17,13,0,0,0,0,0,0,0,0,0,0,0
social organizations,0,0,0,7,0,0,0,0,0,0,0,0,0,0,0,0,0,0,0,0,0
cross-strait relations,0,0,0,7,0,0,0,0,0,0,0,0,0,0,0,0,0,0,0,0,0
olympic spirit,0,0,0,7,0,0,0,0,0,0,0,0,0,0,0,0,0,0,0,0,0
bengal,0,0,0,7,0,0,0,0,0,0,0,0,0,0,0,0,0,0,0,0,0
olympics,0,0,0,7,0,0,0,0,0,0,0,0,0,0,0,0,0,0,0,0,0
movement,0,0,0,7,0,0,0,0,0,0,0,0,0,0,0,0,0,0,0,0,0
macro-economic policies,0,0,0,6,0,0,0,0,0,0,0,0,0,0,0,0,0,0,0,0,0
trilateral cooperation,0,0,0,6,0,0,0,0,0,0,0,0,0,0,12,0,0,0,0,0,5
positive role,0,0,0,6,0,0,0,0,0,0,0,0,0,0,0,0,0,0,0,0,0
action plan,0,0,0,6,0,0,0,0,0,0,0,11,0,0,0,0,0,0,0,0,0
peru,0,0,0,6,0,0,0,0,0,0,0,0,0,0,0,0,0,0,0,46,0
expo,0,0,0,0,64,164,0,0,0,0,0,0,6,11,30,0,0,0,11,0,0
global financial crisis,0,0,0,0,42,0,0,0,0,0,0,0,0,0,0,0,0,0,0,0,0
nuclear weapons,0,0,0,0,34,0,0,0,0,0,0,0,0,0,0,0,0,0,0,0,0
western region,0,0,0,0,32,0,0,15,0,0,0,0,0,0,0,0,0,0,0,0,0
china-canada,0,0,0,0,28,17,0,0,0,0,0,0,0,0,0,0,0,0,0,0,0
egypt,0,0,0,0,26,0,0,0,0,27,0,24,0,0,0,46,0,0,0,0,0
economic recovery,0,0,0,0,25,30,41,32,11,0,0,13,0,0,0,24,25,21,0,0,0
fiscal policy,0,0,0,0,22,0,0,0,0,0,0,0,0,0,0,0,0,0,0,0,0
easy monetary policy,0,0,0,0,19,0,0,0,0,0,0,0,0,0,0,0,0,0,0,0,0
social stability,0,0,0,0,18,10,11,0,0,0,0,0,0,0,0,0,0,0,0,0,0
copenhagen,0,0,0,0,17,0,0,0,0,0,0,0,0,0,0,0,0,0,0,0,0
media organizations,0,0,0,0,17,0,0,0,0,0,0,0,0,0,0,0,0,0,0,0,0
diplomatic relations,0,0,0,0,16,13,16,34,11,21,0,0,0,7,12,20,10,11,0,28,5
stimulus package,0,0,0,0,16,0,0,0,0,0,0,0,0,0,0,0,0,0,0,0,0
tibet,0,0,0,0,16,0,0,0,0,0,0,0,0,0,0,0,0,0,0,0,0
people ’ s republic,0,0,0,0,15,0,0,0,0,0,0,0,0,0,0,0,0,34,27,32,17
package plan,0,0,0,0,15,0,0,0,0,0,0,0,0,0,0,0,0,0,0,0,0
imf,0,0,0,0,15,11,0,13,0,0,0,0,0,0,0,0,0,0,0,0,0
g20,0,0,0,0,15,38,31,26,32,21,34,140,0,0,13,44,37,31,18,39,0
financial institutions,0,0,0,0,15,0,0,0,0,0,0,0,0,0,0,0,0,0,0,0,0
investment protectionism,0,0,0,0,14,0,0,0,0,0,0,0,0,0,0,0,0,0,0,0,0
nuclear energy,0,0,0,0,14,15,0,13,0,13,0,10,0,0,0,0,0,0,0,0,0
external demand,0,0,0,0,13,0,0,0,0,0,0,0,0,0,0,0,0,0,0,0,0
wide range,0,0,0,0,13,0,0,0,0,0,0,0,0,0,0,0,0,0,0,0,0
investment liberalization,0,0,0,0,13,0,12,0,13,0,0,0,11,0,13,0,0,10,0,11,0
round negotiations,0,0,0,0,13,0,0,0,0,0,0,0,0,0,0,0,0,0,0,0,0
nuclear disarmament,0,0,0,0,13,0,0,0,0,0,0,0,0,0,0,0,0,0,0,0,0
program,0,0,0,0,12,0,0,0,0,0,0,0,0,0,0,0,0,0,0,0,0
london,0,0,0,0,12,0,0,0,0,0,0,0,0,0,0,0,0,0,0,0,0
rural residents,0,0,0,0,12,0,0,0,0,0,0,0,0,0,0,0,0,0,0,0,0
medvedev,0,0,0,0,12,0,0,0,0,0,0,0,0,0,0,0,0,0,0,0,0
el,0,0,0,0,12,0,0,0,0,0,0,0,0,0,0,0,0,0,0,0,0
public health security,0,0,0,0,11,11,0,0,0,0,0,0,0,0,0,0,0,0,0,0,0
green economy,0,0,0,0,11,10,13,14,0,0,0,0,0,0,0,0,0,0,0,0,0
technical cooperation,0,0,0,0,11,0,0,0,0,0,0,0,0,0,0,0,0,0,0,0,0
social security,0,0,0,0,11,0,0,0,0,0,0,0,0,0,0,0,0,0,0,0,0
complete prohibition,0,0,0,0,11,0,0,0,0,0,0,0,0,0,0,0,0,0,0,0,0
tanzania,0,0,0,0,11,0,0,0,13,0,0,0,0,0,0,0,11,0,0,0,0
root causes,0,0,0,0,10,0,0,0,0,0,0,10,0,0,0,0,0,0,0,0,0
social safety net,0,0,0,0,10,0,0,0,0,0,0,0,0,0,0,0,0,0,0,0,0
social programs,0,0,0,0,10,0,0,0,0,0,0,0,0,0,0,0,0,0,0,0,0
peaceful use,0,0,0,0,10,0,0,0,0,0,0,0,0,0,0,0,0,0,0,0,0
annual meeting,0,0,0,0,10,0,0,0,0,0,0,0,0,8,0,0,0,0,0,0,0
davos,0,0,0,0,10,0,0,0,0,0,0,0,0,0,0,0,0,0,0,0,5
initial results,0,0,0,0,10,0,0,0,0,0,0,0,0,0,0,0,0,0,0,0,0
dalai,0,0,0,0,10,0,0,0,0,0,0,0,0,0,0,0,0,0,0,0,0
bric,0,0,0,0,10,21,0,0,0,0,0,0,0,0,0,0,0,0,0,0,0
disaster relief,0,0,0,0,10,0,0,0,0,0,0,0,0,0,0,0,0,0,0,0,0
earthquake relief,0,0,0,0,10,0,0,0,0,0,0,0,0,0,0,0,0,0,0,0,0
renewable energy,0,0,0,0,9,0,0,13,0,0,0,0,0,0,0,0,0,0,0,0,0
pakistan,0,0,0,0,0,39,20,0,74,0,73,0,0,0,0,0,0,0,0,0,0
greece,0,0,0,0,0,33,0,0,0,30,0,0,0,0,0,0,0,0,0,0,0
portuguese-speaking,0,0,0,0,0,32,0,0,0,0,0,0,0,0,0,0,0,0,0,0,0
hiv/aids,0,0,0,0,0,29,0,0,0,0,0,0,0,0,0,0,0,0,0,0,0
nuclear security,0,0,0,0,0,28,0,38,0,22,0,30,0,0,0,0,0,0,0,0,0
aids,0,0,0,0,0,24,0,0,0,0,0,0,0,0,0,0,0,0,0,0,0
cica,0,0,0,0,0,22,0,0,0,26,0,11,0,0,16,0,13,11,0,0,0
international system,0,0,0,0,0,20,0,0,0,0,0,0,0,6,19,31,29,20,11,15,14
shanghai expo,0,0,0,0,0,20,0,0,0,0,0,0,0,0,0,0,0,0,0,0,0
october,0,0,0,0,0,20,0,0,0,0,0,0,0,0,0,0,9,0,15,0,0
obama,0,0,0,0,0,18,12,33,0,0,0,0,0,0,0,0,0,0,0,0,0
pakistani,0,0,0,0,0,16,0,0,18,0,18,0,0,0,0,0,0,0,0,0,0
economic development pattern,0,0,0,0,0,16,0,0,0,0,0,0,0,0,0,0,0,0,0,0,0
global issues,0,0,0,0,0,15,11,0,0,0,0,0,0,0,0,0,0,0,0,0,0
looking,0,0,0,0,0,14,0,15,12,0,0,10,0,0,10,0,0,0,8,0,4
’ s development,0,0,0,0,0,14,0,0,0,0,0,0,8,8,0,0,0,19,15,23,0
thoughtful arrangements,0,0,0,0,0,13,11,0,0,0,0,0,0,0,0,0,0,0,0,0,0
international situation,0,0,0,0,0,13,23,27,0,0,0,0,0,0,13,0,0,0,0,0,0
tajikistan,0,0,0,0,0,13,0,0,0,0,0,0,0,0,21,0,0,0,0,25,0
kazakhstan,0,0,0,0,0,13,0,0,18,0,0,0,0,0,0,0,0,45,0,25,4
rare earth,0,0,0,0,0,13,0,0,0,0,0,0,0,0,0,0,0,0,0,0,0
mutual learning,0,0,0,0,0,12,0,0,0,35,33,22,13,9,45,0,9,19,26,38,14
indonesia,0,0,0,0,0,12,57,0,0,0,15,0,0,24,0,0,0,0,0,0,0
chinese premier,0,0,0,0,0,12,0,0,0,0,0,0,0,0,0,0,0,0,0,0,0
exchange rate,0,0,0,0,0,12,0,0,0,0,0,0,9,0,0,0,0,0,0,0,0
dai,0,0,0,0,0,12,0,0,0,0,0,0,0,0,0,0,0,0,0,0,0
win-win strategy,0,0,0,0,0,11,16,0,0,0,0,0,0,0,0,0,0,0,0,0,0
industrial structure,0,0,0,0,0,11,0,0,0,0,0,0,0,0,0,0,0,0,0,0,0
trade surplus,0,0,0,0,0,11,0,0,0,0,0,0,0,0,0,0,0,0,0,0,0
long-term perspective,0,0,0,0,0,11,0,0,0,0,0,0,0,0,0,0,0,0,0,0,0
nuclear,0,0,0,0,0,11,0,0,0,0,0,12,0,0,0,0,0,0,0,0,0
children 's health,0,0,0,0,0,11,0,0,0,0,0,0,0,0,0,0,0,0,0,0,0
china-pakistan,0,0,0,0,0,10,0,0,32,0,23,0,0,0,0,0,0,0,0,0,0
good faith,0,0,0,0,0,10,0,0,0,0,0,0,0,0,0,0,0,0,0,0,0
post-crisis era,0,0,0,0,0,10,0,0,0,0,0,0,0,0,0,0,0,0,0,0,0
hotspot issues,0,0,0,0,0,10,11,0,0,0,0,0,7,0,0,0,12,0,0,16,0
january,0,0,0,0,0,10,13,15,0,0,0,0,0,7,0,0,0,0,0,0,0
deepen reform,0,0,0,0,0,10,11,0,0,11,0,0,0,0,0,0,0,0,0,0,0
chinese enterprises,0,0,0,0,0,10,12,0,0,0,0,0,0,0,0,0,0,0,0,0,0
sed,0,0,0,0,0,10,0,0,0,0,0,0,0,0,0,0,0,0,0,0,0
critical juncture,0,0,0,0,0,9,0,0,0,0,0,0,0,0,0,0,0,0,0,0,0
development path,0,0,0,0,0,9,11,13,10,14,0,0,0,6,14,12,11,11,0,0,0
financial cooperation,0,0,0,0,0,9,0,0,0,0,0,0,7,0,0,0,0,0,0,0,0
libya,0,0,0,0,0,0,37,0,0,0,0,0,0,0,0,13,0,0,0,0,0
five-year,0,0,0,0,0,0,32,18,0,0,17,10,0,0,0,0,0,0,0,0,0
global economic governance,0,0,0,0,0,0,29,0,13,0,0,21,0,0,0,0,0,0,0,0,0
china-germany,0,0,0,0,0,0,25,0,0,0,0,0,0,0,0,0,0,0,0,0,0
german companies,0,0,0,0,0,0,23,0,0,0,0,0,0,0,0,0,0,0,0,0,0
brics,0,0,0,0,0,0,20,35,46,68,57,29,69,7,28,30,0,44,60,88,17
cooperative partnership,0,0,0,0,0,0,20,47,0,0,0,0,0,0,0,0,0,0,0,0,0
us side,0,0,0,0,0,0,20,13,0,0,0,0,0,0,0,0,0,0,0,0,0
new energy,0,0,0,0,0,0,18,0,0,0,0,0,0,0,0,0,0,0,0,0,0
uzbekistan,0,0,0,0,0,0,18,0,0,0,0,0,0,0,0,0,0,57,0,0,0
40th anniversary,0,0,0,0,0,0,17,24,0,0,0,0,0,19,0,0,0,0,0,0,0
relevant countries,0,0,0,0,0,0,16,0,17,0,17,0,0,0,0,0,0,0,0,0,0
china-europe,0,0,0,0,0,0,16,0,0,21,0,0,12,0,0,0,0,0,0,10,0
netherlands,0,0,0,0,0,0,16,0,0,0,0,0,0,0,0,0,0,0,0,0,0
major issues,0,0,0,0,0,0,14,0,0,0,0,0,0,0,0,0,0,0,0,0,0
scientific development,0,0,0,0,0,0,14,0,0,0,0,0,0,0,0,0,0,0,0,0,0
growth model,0,0,0,0,0,0,13,16,15,0,0,0,0,0,0,0,0,0,0,0,0
internal affairs,0,0,0,0,0,0,13,13,0,21,15,0,0,0,12,34,24,21,15,15,0
denmark,0,0,0,0,0,0,13,18,0,0,0,0,0,0,0,0,0,0,0,0,0
korean peninsula,0,0,0,0,0,0,13,18,26,18,30,13,22,16,9,0,0,0,0,0,0
us-china,0,0,0,0,0,0,13,0,0,0,0,0,0,0,0,0,0,0,0,0,0
eds,0,0,0,0,0,0,13,0,0,0,0,0,0,0,0,0,0,0,0,0,0
paper,0,0,0,0,0,0,12,0,0,0,0,0,0,0,0,0,0,0,0,0,0
peaceful,0,0,0,0,0,0,12,0,0,0,0,0,0,0,0,0,0,0,0,0,0
indonesian,0,0,0,0,0,0,12,0,0,0,0,0,0,0,0,0,0,0,0,0,0
regional hotspot issues,0,0,0,0,0,0,12,0,0,0,0,0,0,0,0,0,0,0,0,0,0
canton,0,0,0,0,0,0,12,0,0,0,0,0,0,0,0,0,0,0,0,0,0
france,0,0,0,0,0,0,12,0,0,31,29,20,0,0,0,0,0,0,0,61,0
global economic recovery,0,0,0,0,0,0,11,0,0,0,0,0,0,0,0,12,13,11,0,0,0
's diplomacy,0,0,0,0,0,0,11,15,35,17,20,10,17,0,13,0,0,0,0,0,0
social harmony,0,0,0,0,0,0,11,0,0,0,0,0,0,0,0,0,0,0,0,0,0
circular economy,0,0,0,0,0,0,11,0,0,0,0,0,0,0,0,0,0,0,0,0,0
foreign investment,0,0,0,0,0,0,11,0,0,0,17,0,6,6,12,0,0,0,9,11,0
important agreement,0,0,0,0,0,0,11,18,0,0,0,0,0,0,0,0,0,0,0,0,0
major economies,0,0,0,0,0,0,10,0,0,0,0,11,0,0,0,0,0,0,0,0,4
concrete steps,0,0,0,0,0,0,10,0,0,0,0,0,0,0,0,0,0,0,0,0,0
arduous task,0,0,0,0,0,0,10,0,0,0,0,0,0,0,0,0,0,0,0,0,0
xi,0,0,0,0,0,0,0,83,18,0,41,32,28,25,33,46,0,0,0,0,8
ireland,0,0,0,0,0,0,0,40,0,0,0,0,0,0,0,0,0,0,0,0,0
vice president,0,0,0,0,0,0,0,38,0,0,0,0,0,0,0,0,0,0,0,0,0
major countries,0,0,0,0,0,0,0,33,23,11,0,0,13,7,10,19,18,18,19,27,4
ed,0,0,0,0,0,0,0,33,12,0,0,9,0,0,0,0,0,0,0,0,0
east european countries,0,0,0,0,0,0,0,30,0,0,0,0,0,0,0,0,0,0,0,0,0
eurasian,0,0,0,0,0,0,0,28,0,0,0,15,0,0,13,0,0,17,0,0,0
mongolia,0,0,0,0,0,0,0,27,0,48,0,0,0,0,0,0,0,0,0,0,0
au,0,0,0,0,0,0,0,26,0,13,0,0,8,0,0,12,21,0,29,0,0
ldcs,0,0,0,0,0,0,0,25,0,0,0,0,0,0,0,0,0,0,0,0,0
poland,0,0,0,0,0,0,0,23,0,0,0,0,0,0,0,0,0,0,0,0,0
jia,0,0,0,0,0,0,0,21,0,0,0,0,0,0,0,0,0,0,0,0,0
xi jinping,0,0,0,0,0,0,0,20,60,108,106,60,107,50,62,98,100,166,156,119,25
high-level exchanges,0,0,0,0,0,0,0,20,0,0,0,0,0,0,0,0,0,0,0,0,0
focac,0,0,0,0,0,0,0,20,0,0,28,0,0,6,0,29,22,0,0,0,0
people-to-people exchange,0,0,0,0,0,0,0,18,0,0,0,0,7,0,0,0,0,0,0,0,0
economic dialogue,0,0,0,0,0,0,0,18,0,0,0,0,0,0,0,0,0,0,0,0,0
huge potential,0,0,0,0,0,0,0,17,12,0,0,0,0,0,0,0,0,0,0,0,0
mutual visits,0,0,0,0,0,0,0,17,0,0,0,0,0,0,0,0,0,0,0,0,0
strategic cooperation,0,0,0,0,0,0,0,17,12,0,0,0,0,0,0,0,0,0,0,0,0
people-to-people,0,0,0,0,0,0,0,17,0,0,0,0,0,0,0,0,0,0,0,0,0
dialogues,0,0,0,0,0,0,0,16,0,0,0,0,0,0,0,0,0,0,0,0,0
sweden,0,0,0,0,0,0,0,16,0,0,0,0,0,0,0,0,0,0,0,0,0
energy cooperation,0,0,0,0,0,0,0,15,0,0,0,0,0,0,0,0,0,0,0,0,0
fruitful results,0,0,0,0,0,0,0,14,0,0,0,0,0,0,0,0,0,0,0,0,0
new prospects,0,0,0,0,0,0,0,14,0,0,0,0,0,6,0,0,0,0,0,0,0
regional affairs,0,0,0,0,0,0,0,14,0,0,0,0,0,0,0,0,0,0,0,0,6
eas,0,0,0,0,0,0,0,14,0,0,0,0,8,0,0,0,0,0,0,0,0
strategic dialogue,0,0,0,0,0,0,0,13,0,0,0,0,0,0,0,0,0,0,0,0,0
's core interests,0,0,0,0,0,0,0,13,0,0,0,0,0,0,0,0,0,0,0,0,0
such cooperation,0,0,0,0,0,0,0,13,0,0,0,0,6,0,0,0,0,0,0,0,0
diaoyu dao,0,0,0,0,0,0,0,13,0,0,0,0,0,0,0,0,0,0,0,0,0
global governance,0,0,0,0,0,0,0,13,0,0,0,12,22,13,29,53,23,16,28,53,28
great significance,0,0,0,0,0,0,0,13,0,0,0,0,0,0,0,0,0,0,0,0,0
cee,0,0,0,0,0,0,0,0,97,0,29,0,41,0,0,0,0,0,0,0,0
thailand,0,0,0,0,0,0,0,0,75,0,0,0,0,0,0,0,0,0,0,0,0
new model,0,0,0,0,0,0,0,0,50,35,34,13,0,0,0,0,0,0,0,0,0
chinese dream,0,0,0,0,0,0,0,0,47,34,30,12,14,0,0,0,0,0,0,0,0
mexico,0,0,0,0,0,0,0,0,45,0,0,0,0,0,0,0,0,0,0,0,0
pacific island countries,0,0,0,0,0,0,0,0,41,0,0,0,0,0,0,0,0,0,0,0,0
comrade xi jinping,0,0,0,0,0,0,0,0,40,0,0,15,12,6,0,0,0,13,0,0,0
six-party talks,0,0,0,0,0,0,0,0,31,0,0,9,0,0,0,0,0,0,0,0,0
caribbean,0,0,0,0,0,0,0,0,29,49,39,0,0,6,0,0,0,0,0,0,5
major-country relationship,0,0,0,0,0,0,0,0,25,20,0,0,0,0,0,0,0,0,0,0,0
syrian,0,0,0,0,0,0,0,0,24,44,20,11,0,0,0,0,0,0,0,0,0
syria,0,0,0,0,0,0,0,0,24,51,0,17,0,6,0,14,0,0,0,0,0
switzerland,0,0,0,0,0,0,0,0,24,0,0,0,0,0,0,0,0,0,0,0,0
's relations,0,0,0,0,0,0,0,0,23,0,0,0,0,0,0,0,0,0,0,0,0
silk,0,0,0,0,0,0,0,0,21,80,74,37,25,13,21,19,31,16,31,12,0
china-ceec,0,0,0,0,0,0,0,0,20,0,0,0,8,0,0,0,0,0,0,0,0
general secretary,0,0,0,0,0,0,0,0,19,0,0,12,74,12,0,0,13,30,21,23,5
great renewal,0,0,0,0,0,0,0,0,19,14,0,0,0,0,0,0,0,0,0,0,0
china-thailand,0,0,0,0,0,0,0,0,19,0,0,0,0,0,0,0,0,0,0,0,0
doc,0,0,0,0,0,0,0,0,18,0,0,22,7,0,8,0,0,26,0,0,0
tobago,0,0,0,0,0,0,0,0,18,0,0,0,0,0,0,0,0,0,0,0,0
china-mexico,0,0,0,0,0,0,0,0,18,0,0,0,0,0,0,0,0,0,0,0,0
trinidad,0,0,0,0,0,0,0,0,17,0,0,0,0,0,0,0,0,0,0,0,0
thai,0,0,0,0,0,0,0,0,16,0,0,0,0,0,0,0,0,0,0,0,0
chemical weapons,0,0,0,0,0,0,0,0,15,0,0,0,0,0,0,0,0,0,0,0,0
li keqiang,0,0,0,0,0,0,0,0,15,40,68,10,0,8,0,0,0,0,0,0,0
diplomatic work,0,0,0,0,0,0,0,0,15,0,0,0,7,0,0,0,0,0,0,0,0
development paths,0,0,0,0,0,0,0,0,14,11,0,0,0,0,0,0,0,0,8,0,0
boao forum,0,0,0,0,0,0,0,0,14,0,0,0,0,0,0,0,0,0,0,0,5
it,0,0,0,0,0,0,0,0,14,0,17,0,0,0,0,0,0,0,0,0,0
common destiny,0,0,0,0,0,0,0,0,13,13,29,0,0,0,0,0,0,0,0,0,0
chinese tourists,0,0,0,0,0,0,0,0,13,0,0,0,0,0,0,0,0,0,0,0,0
peninsula,0,0,0,0,0,0,0,0,12,0,0,20,39,33,12,0,0,0,0,0,0
capita income,0,0,0,0,0,0,0,0,12,0,0,0,0,0,0,0,0,0,0,0,0
two-way trade,0,0,0,0,0,0,0,0,11,16,0,0,0,0,0,0,0,0,0,0,0
crucial stage,0,0,0,0,0,0,0,0,11,0,0,0,0,0,0,0,0,0,0,0,0
political settlement,0,0,0,0,0,0,0,0,10,20,18,9,8,7,9,18,12,0,13,22,0
modern socialist country,0,0,0,0,0,0,0,0,10,0,0,0,0,0,0,0,12,17,0,0,0
march,0,0,0,0,0,0,0,0,10,0,0,9,0,7,0,0,0,0,0,0,0
wang yi,0,0,0,0,0,0,0,0,10,75,33,29,0,32,0,64,32,20,18,14,0
putin,0,0,0,0,0,0,0,0,10,0,0,0,0,0,11,0,0,0,0,0,0
reasonable range,0,0,0,0,0,0,0,0,10,0,0,0,0,0,0,0,0,0,0,0,0
costa rica,0,0,0,0,0,0,0,0,10,0,0,0,0,0,0,0,0,0,0,0,0
principles,0,0,0,0,0,0,0,0,0,50,0,0,0,0,0,14,0,0,0,99,0
sudan,0,0,0,0,0,0,0,0,0,25,18,12,0,0,0,0,0,0,0,0,0
china-france,0,0,0,0,0,0,0,0,0,25,0,0,0,0,0,0,0,0,0,31,0
international rule,0,0,0,0,0,0,0,0,0,24,0,0,0,0,0,0,0,0,0,0,6
myanmar,0,0,0,0,0,0,0,0,0,22,17,0,0,10,0,46,17,0,0,11,0
economic belt,0,0,0,0,0,0,0,0,0,20,26,13,0,0,0,0,0,0,0,0,0
israel,0,0,0,0,0,0,0,0,0,20,0,0,0,0,0,0,16,0,0,0,0
iran,0,0,0,0,0,0,0,0,0,20,0,42,0,0,0,0,0,0,0,0,0
palestine,0,0,0,0,0,0,0,0,0,19,0,0,0,0,0,0,26,0,11,27,0
china-mongolia,0,0,0,0,0,0,0,0,0,19,0,0,0,0,0,0,0,0,0,0,0
venezuela,0,0,0,0,0,0,0,0,0,19,0,0,0,0,0,0,0,0,0,0,0
cuba,0,0,0,0,0,0,0,0,0,19,0,0,0,0,0,0,0,0,0,0,0
world war,0,0,0,0,0,0,0,0,0,18,23,0,0,0,0,15,0,0,0,0,6
your excellency,0,0,0,0,0,0,0,0,0,17,22,0,0,0,13,13,11,0,14,17,13
chinese civilization,0,0,0,0,0,0,0,0,0,17,0,0,0,0,0,0,0,0,0,0,0
argentina,0,0,0,0,0,0,0,0,0,17,0,0,0,0,0,0,0,0,0,0,0
wang,0,0,0,0,0,0,0,0,0,17,0,0,0,0,14,0,0,0,0,0,0
legitimate rights,0,0,0,0,0,0,0,0,0,15,16,0,0,6,0,18,12,15,0,0,0
infrastructure,0,0,0,0,0,0,0,0,0,14,25,12,6,0,0,0,0,0,0,0,0
agricultural modernization,0,0,0,0,0,0,0,0,0,14,0,0,0,0,0,0,0,0,0,0,0
ukraine,0,0,0,0,0,0,0,0,0,13,20,0,0,0,0,0,0,25,20,38,0
palestinian,0,0,0,0,0,0,0,0,0,13,0,15,0,0,0,0,24,0,20,15,0
mongolian,0,0,0,0,0,0,0,0,0,13,0,0,0,0,0,0,0,0,0,0,0
unesco,0,0,0,0,0,0,0,0,0,13,0,0,0,0,0,0,0,0,0,0,0
australian,0,0,0,0,0,0,0,0,0,12,0,0,0,0,0,0,0,0,0,0,0
basic norms,0,0,0,0,0,0,0,0,0,12,0,0,0,0,0,17,14,0,8,15,0
ii,0,0,0,0,0,0,0,0,0,12,16,0,0,0,0,17,0,0,0,0,6
infrastructure development,0,0,0,0,0,0,0,0,0,12,20,0,0,0,0,0,0,0,0,0,0
eurasia,0,0,0,0,0,0,0,0,0,12,0,0,0,0,0,0,0,0,0,0,0
peace process,0,0,0,0,0,0,0,0,0,12,0,0,0,0,0,0,0,0,0,0,0
plenum,0,0,0,0,0,0,0,0,0,11,0,0,0,0,0,0,0,0,0,0,0
proper range,0,0,0,0,0,0,0,0,0,11,0,0,0,0,0,0,0,0,0,0,0
maritime silk,0,0,0,0,0,0,0,0,0,11,54,15,6,0,0,0,0,0,0,0,0
70th anniversary,0,0,0,0,0,0,0,0,0,11,47,0,0,0,32,12,0,0,0,12,0
structural reform,0,0,0,0,0,0,0,0,0,11,17,19,0,0,0,0,0,0,0,0,0
apt,0,0,0,0,0,0,0,0,0,11,0,0,22,0,20,0,0,18,9,0,0
internet,0,0,0,0,0,0,0,0,0,0,71,10,12,12,0,0,0,0,0,0,0
vietnam,0,0,0,0,0,0,0,0,0,0,56,10,0,0,0,0,0,0,0,0,0
production capacity,0,0,0,0,0,0,0,0,0,0,45,13,0,0,0,0,0,0,0,0,0
international order,0,0,0,0,0,0,0,0,0,0,36,23,0,10,26,39,33,29,31,14,14
aiib,0,0,0,0,0,0,0,0,0,0,35,0,0,0,0,23,0,0,0,0,0
development strategies,0,0,0,0,0,0,0,0,0,0,31,12,7,0,14,0,0,10,10,0,6
tazara,0,0,0,0,0,0,0,0,0,0,31,0,0,0,0,0,0,0,0,0,0
china-celac forum,0,0,0,0,0,0,0,0,0,0,30,0,0,10,0,0,0,0,0,0,0
china-vietnam,0,0,0,0,0,0,0,0,0,0,28,0,0,0,0,0,0,0,0,0,0
production capacity cooperation,0,0,0,0,0,0,0,0,0,0,27,11,0,0,0,0,0,0,0,0,0
south asian countries,0,0,0,0,0,0,0,0,0,0,27,0,0,0,0,0,0,0,0,0,0
initiative,0,0,0,0,0,0,0,0,0,0,24,24,69,38,54,22,67,115,84,65,28
road initiative,0,0,0,0,0,0,0,0,0,0,24,0,0,0,0,0,0,0,0,0,0
global growth,0,0,0,0,0,0,0,0,0,0,23,21,17,13,38,0,0,0,17,18,0
ceecs,0,0,0,0,0,0,0,0,0,0,23,0,0,0,0,0,0,0,0,0,0
paris,0,0,0,0,0,0,0,0,0,0,23,0,0,0,0,0,0,0,0,0,0
investment bank,0,0,0,0,0,0,0,0,0,0,22,12,0,0,0,0,0,0,0,0,0
arctic,0,0,0,0,0,0,0,0,0,0,22,0,0,0,0,0,0,0,0,0,0
agenda,0,0,0,0,0,0,0,0,0,0,21,31,14,8,32,30,48,50,18,11,5
ebola,0,0,0,0,0,0,0,0,0,0,21,0,0,0,0,0,0,0,0,0,0
zimbabwe,0,0,0,0,0,0,0,0,0,0,21,0,0,0,0,0,0,0,0,0,0
downward pressure,0,0,0,0,0,0,0,0,0,0,20,0,0,0,8,0,0,0,0,0,0
industrial cooperation,0,0,0,0,0,0,0,0,0,0,18,0,0,0,0,0,0,0,0,0,0
china-singapore,0,0,0,0,0,0,0,0,0,0,18,0,0,0,0,0,0,0,0,0,0
post-2015 development agenda,0,0,0,0,0,0,0,0,0,0,18,0,0,0,0,0,0,0,0,0,0
overall cooperation,0,0,0,0,0,0,0,0,0,0,18,0,0,0,0,0,0,0,0,0,0
relevant parties,0,0,0,0,0,0,0,0,0,0,17,0,0,0,0,0,0,0,0,0,0
global cooperation,0,0,0,0,0,0,0,0,0,0,17,0,0,0,0,0,0,0,0,0,0
celac,0,0,0,0,0,0,0,0,0,0,17,0,0,0,0,0,0,0,0,0,0
green development,0,0,0,0,0,0,0,0,0,0,17,0,0,0,14,0,24,14,22,26,7
road fund,0,0,0,0,0,0,0,0,0,0,16,0,0,0,0,0,0,0,0,0,0
sustainable security,0,0,0,0,0,0,0,0,0,0,16,11,0,0,9,0,0,19,12,13,0
global development,0,0,0,0,0,0,0,0,0,0,15,0,7,0,13,0,30,48,27,13,15
large number,0,0,0,0,0,0,0,0,0,0,15,0,6,0,0,0,0,0,0,0,0
hangzhou summit,0,0,0,0,0,0,0,0,0,0,0,43,0,0,0,0,0,0,0,0,0
g20 hangzhou summit,0,0,0,0,0,0,0,0,0,0,0,41,0,0,0,0,0,0,0,0,0
hangzhou,0,0,0,0,0,0,0,0,0,0,0,34,0,0,0,0,0,0,0,0,0
lancang-mekong,0,0,0,0,0,0,0,0,0,0,0,31,0,0,0,13,0,0,0,0,0
saudi arabia,0,0,0,0,0,0,0,0,0,0,0,30,0,0,0,12,0,0,0,0,0
sea issue,0,0,0,0,0,0,0,0,0,0,0,27,0,0,0,0,0,0,0,0,0
unclos,0,0,0,0,0,0,0,0,0,0,0,24,0,0,0,0,0,0,0,0,0
mekong,0,0,0,0,0,0,0,0,0,0,0,24,0,0,0,18,0,0,0,0,0
maritime rights,0,0,0,0,0,0,0,0,0,0,0,23,0,0,0,0,0,0,0,0,0
guangxi,0,0,0,0,0,0,0,0,0,0,0,23,0,0,0,0,0,0,0,0,0
czech,0,0,0,0,0,0,0,0,0,0,0,21,0,0,0,0,0,0,0,0,0
paris agreement,0,0,0,0,0,0,0,0,0,0,0,18,0,0,10,18,14,0,0,0,7
peaceful settlement,0,0,0,0,0,0,0,0,0,0,0,18,0,0,0,0,0,0,0,0,0
arbitral tribunal,0,0,0,0,0,0,0,0,0,0,0,18,0,0,0,0,0,0,0,0,0
jcpoa,0,0,0,0,0,0,0,0,0,0,0,17,0,9,0,0,0,0,0,0,0
economic transformation,0,0,0,0,0,0,0,0,0,0,0,15,0,0,0,0,0,0,0,0,0
nansha,0,0,0,0,0,0,0,0,0,0,0,15,0,0,0,0,0,0,0,0,0
dprk,0,0,0,0,0,0,0,0,0,0,0,14,22,24,10,0,0,0,0,0,0
g20 summit,0,0,0,0,0,0,0,0,0,0,0,13,0,0,0,0,0,0,0,0,0
year 's,0,0,0,0,0,0,0,0,0,0,0,13,6,0,19,0,0,0,0,0,0
ningxia,0,0,0,0,0,0,0,0,0,0,0,13,0,0,0,0,0,0,0,0,0
asian community,0,0,0,0,0,0,0,0,0,0,0,13,0,0,0,0,0,0,0,0,7
korean,0,0,0,0,0,0,0,0,0,0,0,13,0,6,0,0,0,0,0,0,0
certain countries,0,0,0,0,0,0,0,0,0,0,0,12,0,0,0,0,0,0,0,0,0
new vision,0,0,0,0,0,0,0,0,0,0,0,12,0,0,0,0,0,0,0,0,0
’ re,0,0,0,0,0,0,0,0,0,0,0,12,0,0,0,0,0,0,0,0,0
global trade,0,0,0,0,0,0,0,0,0,0,0,11,9,0,0,0,0,0,0,0,0
global,0,0,0,0,0,0,0,0,0,0,0,11,0,0,0,23,40,109,72,160,49
new economy,0,0,0,0,0,0,0,0,0,0,0,11,0,0,0,0,0,0,0,0,0
lmc,0,0,0,0,0,0,0,0,0,0,0,11,7,0,0,0,0,0,0,0,0
regional organizations,0,0,0,0,0,0,0,0,0,0,0,10,0,0,0,0,9,0,0,0,0
chinese features,0,0,0,0,0,0,0,0,0,0,0,10,20,0,0,0,0,0,0,0,0
reporter,0,0,0,0,0,0,0,0,0,0,0,10,0,0,0,0,0,0,0,0,0
state visit,0,0,0,0,0,0,0,0,0,0,0,9,0,6,0,0,0,0,0,14,0
countries need,0,0,0,0,0,0,0,0,0,0,0,9,0,0,0,20,0,0,0,16,0
's sovereignty,0,0,0,0,0,0,0,0,0,0,0,9,0,0,0,0,0,0,0,0,0
major-country diplomacy,0,0,0,0,0,0,0,0,0,0,0,9,13,7,0,0,0,0,0,24,0
win-win outcomes,0,0,0,0,0,0,0,0,0,0,0,9,0,0,12,0,0,0,0,0,0
public goods,0,0,0,0,0,0,0,0,0,0,0,9,0,0,0,0,0,0,0,0,0
new path,0,0,0,0,0,0,0,0,0,0,0,9,0,0,0,0,0,0,0,0,0
international economic cooperation,0,0,0,0,0,0,0,0,0,0,0,9,0,0,0,0,0,0,0,0,0
colleagues,0,0,0,0,0,0,0,0,0,0,0,0,17,0,25,45,39,51,38,34,15
coc,0,0,0,0,0,0,0,0,0,0,0,0,16,0,20,0,0,0,0,0,0
regional countries,0,0,0,0,0,0,0,0,0,0,0,0,14,0,10,13,0,17,12,0,0
global governance system,0,0,0,0,0,0,0,0,0,0,0,0,12,9,9,30,17,0,0,0,9
eaec,0,0,0,0,0,0,0,0,0,0,0,0,12,0,0,0,0,0,0,0,0
national renewal,0,0,0,0,0,0,0,0,0,0,0,0,12,0,0,0,0,0,0,0,0
poverty reduction,0,0,0,0,0,0,0,0,0,0,0,0,11,0,11,0,15,23,0,0,0
international landscape,0,0,0,0,0,0,0,0,0,0,0,0,10,0,0,16,10,0,0,13,0
supply-side structural reform,0,0,0,0,0,0,0,0,0,0,0,0,10,0,0,0,0,0,0,0,0
's external work,0,0,0,0,0,0,0,0,0,0,0,0,10,0,0,0,0,0,0,0,0
new ground,0,0,0,0,0,0,0,0,0,0,0,0,9,0,12,0,0,13,0,16,0
industrial capacity,0,0,0,0,0,0,0,0,0,0,0,0,9,0,0,0,0,0,0,0,0
xiamen summit,0,0,0,0,0,0,0,0,0,0,0,0,9,0,0,0,0,0,0,0,0
security council resolutions,0,0,0,0,0,0,0,0,0,0,0,0,9,0,0,0,0,0,0,0,0
zero-sum game,0,0,0,0,0,0,0,0,0,0,0,0,8,0,0,11,0,0,10,0,0
human progress,0,0,0,0,0,0,0,0,0,0,0,0,8,0,11,0,14,0,16,16,0
trump,0,0,0,0,0,0,0,0,0,0,0,0,8,0,0,0,0,0,0,0,0
economic community,0,0,0,0,0,0,0,0,0,0,0,0,8,0,0,0,0,0,0,0,0
guided,0,0,0,0,0,0,0,0,0,0,0,0,8,6,12,14,0,0,0,0,0
innovation,0,0,0,0,0,0,0,0,0,0,0,0,8,0,0,0,0,0,0,0,0
regional integration,0,0,0,0,0,0,0,0,0,0,0,0,8,0,0,0,0,0,0,0,0
new drivers,0,0,0,0,0,0,0,0,0,0,0,0,8,13,0,0,0,0,0,0,0
mass entrepreneurship,0,0,0,0,0,0,0,0,0,0,0,0,8,0,0,0,0,0,0,0,0
new form,0,0,0,0,0,0,0,0,0,0,0,0,7,0,0,0,0,0,0,0,0
new ideas,0,0,0,0,0,0,0,0,0,0,0,0,7,0,0,0,0,0,0,0,0
external work,0,0,0,0,0,0,0,0,0,0,0,0,7,0,0,0,0,0,0,11,0
centenary goals,0,0,0,0,0,0,0,0,0,0,0,0,7,0,0,0,0,0,0,0,0
new growth drivers,0,0,0,0,0,0,0,0,0,0,0,0,7,0,0,0,0,0,0,0,0
new round,0,0,0,0,0,0,0,0,0,0,0,0,7,7,15,13,0,0,0,0,0
new technologies,0,0,0,0,0,0,0,0,0,0,0,0,7,0,8,0,0,0,0,0,0
chinese market,0,0,0,0,0,0,0,0,0,0,0,0,7,6,0,0,0,0,0,0,0
new jobs,0,0,0,0,0,0,0,0,0,0,0,0,7,0,0,0,0,0,0,0,0
free trade,0,0,0,0,0,0,0,0,0,0,0,0,7,16,16,0,0,0,0,0,0
central government,0,0,0,0,0,0,0,0,0,0,0,0,7,0,0,0,0,0,0,0,0
brf,0,0,0,0,0,0,0,0,0,0,0,0,6,0,47,0,0,0,13,0,0
geneva,0,0,0,0,0,0,0,0,0,0,0,0,6,0,0,0,0,0,0,0,0
major country,0,0,0,0,0,0,0,0,0,0,0,0,6,0,0,0,0,10,0,12,0
new impetus,0,0,0,0,0,0,0,0,0,0,0,0,6,0,11,0,0,0,0,0,0
comprehensive,0,0,0,0,0,0,0,0,0,0,0,0,6,0,0,14,19,25,8,0,0
rcep,0,0,0,0,0,0,0,0,0,0,0,0,6,0,14,11,10,22,0,0,0
road cooperation,0,0,0,0,0,0,0,0,0,0,0,0,6,18,87,31,48,23,56,40,11
corridor,0,0,0,0,0,0,0,0,0,0,0,0,6,0,0,14,0,0,0,0,0
innovation-driven development,0,0,0,0,0,0,0,0,0,0,0,0,6,0,0,0,9,0,0,0,0
new urban jobs,0,0,0,0,0,0,0,0,0,0,0,0,6,0,0,0,0,0,0,0,0
foreign exchange reserves,0,0,0,0,0,0,0,0,0,0,0,0,6,0,0,0,0,0,0,0,0
local governments,0,0,0,0,0,0,0,0,0,0,0,0,6,0,0,0,0,0,0,0,0
open world economy,0,0,0,0,0,0,0,0,0,0,0,0,6,7,22,13,10,16,0,0,0
new opportunities,0,0,0,0,0,0,0,0,0,0,0,0,6,0,11,0,9,0,16,12,0
trillion us dollars,0,0,0,0,0,0,0,0,0,0,0,0,6,0,0,0,0,0,0,0,0
lac,0,0,0,0,0,0,0,0,0,0,0,0,0,40,0,0,0,0,0,0,29
bri,0,0,0,0,0,0,0,0,0,0,0,0,0,32,169,15,49,0,41,0,0
uae,0,0,0,0,0,0,0,0,0,0,0,0,0,30,0,0,0,0,0,0,0
senegal,0,0,0,0,0,0,0,0,0,0,0,0,0,25,0,0,0,0,0,0,0
china-lac,0,0,0,0,0,0,0,0,0,0,0,0,0,19,0,0,0,0,0,0,7
trade war,0,0,0,0,0,0,0,0,0,0,0,0,0,12,0,0,0,0,0,0,0
going,0,0,0,0,0,0,0,0,0,0,0,0,0,10,9,0,0,0,0,0,5
xi jinping thought,0,0,0,0,0,0,0,0,0,0,0,0,0,9,13,48,0,21,0,21,0
international import,0,0,0,0,0,0,0,0,0,0,0,0,0,9,18,0,0,0,0,0,0
international rules,0,0,0,0,0,0,0,0,0,0,0,0,0,9,0,0,0,0,0,0,4
nelson mandela,0,0,0,0,0,0,0,0,0,0,0,0,0,9,0,0,0,0,0,0,0
new industrial revolution,0,0,0,0,0,0,0,0,0,0,0,0,0,9,0,0,0,0,0,0,0
high-quality development,0,0,0,0,0,0,0,0,0,0,0,0,0,8,20,0,0,17,22,20,11
universal security,0,0,0,0,0,0,0,0,0,0,0,0,0,8,0,0,0,0,13,0,0
era,0,0,0,0,0,0,0,0,0,0,0,0,0,8,0,0,0,0,0,0,0
market access,0,0,0,0,0,0,0,0,0,0,0,0,0,7,0,0,0,0,0,0,0
councilor,0,0,0,0,0,0,0,0,0,0,0,0,0,7,0,17,17,15,0,0,0
property rights,0,0,0,0,0,0,0,0,0,0,0,0,0,7,0,0,0,0,0,0,0
new forms,0,0,0,0,0,0,0,0,0,0,0,0,0,7,0,0,0,0,0,0,0
senegalese,0,0,0,0,0,0,0,0,0,0,0,0,0,7,0,0,0,0,0,0,0
china-uae,0,0,0,0,0,0,0,0,0,0,0,0,0,7,0,0,0,0,0,0,0
tsinghua,0,0,0,0,0,0,0,0,0,0,0,0,0,7,0,0,0,0,0,0,0
ciie,0,0,0,0,0,0,0,0,0,0,0,0,0,6,0,0,0,0,0,0,0
bangladesh,0,0,0,0,0,0,0,0,0,0,0,0,0,6,0,0,0,0,0,0,0
global recovery,0,0,0,0,0,0,0,0,0,0,0,0,0,6,0,0,0,0,0,0,0
concrete actions,0,0,0,0,0,0,0,0,0,0,0,0,0,6,0,12,12,0,0,0,5
services sector,0,0,0,0,0,0,0,0,0,0,0,0,0,6,0,0,0,0,0,0,0
vat,0,0,0,0,0,0,0,0,0,0,0,0,0,6,0,0,0,0,0,0,0
government functions,0,0,0,0,0,0,0,0,0,0,0,0,0,6,0,0,0,0,0,0,0
government services,0,0,0,0,0,0,0,0,0,0,0,0,0,6,0,0,0,0,0,0,0
market principles,0,0,0,0,0,0,0,0,0,0,0,0,0,6,0,0,0,0,0,0,0
china-senegal,0,0,0,0,0,0,0,0,0,0,0,0,0,6,0,0,0,0,0,0,0
extensive consultation,0,0,0,0,0,0,0,0,0,0,0,0,0,6,19,14,20,0,8,13,10
joint contribution,0,0,0,0,0,0,0,0,0,0,0,0,0,6,19,14,19,0,8,14,10
socialism,0,0,0,0,0,0,0,0,0,0,0,0,0,6,0,0,0,0,0,0,0
characteristics,0,0,0,0,0,0,0,0,0,0,0,0,0,6,0,0,0,0,0,0,0
press conference,0,0,0,0,0,0,0,0,0,0,0,0,0,6,0,0,0,0,0,0,0
xinjiang,0,0,0,0,0,0,0,0,0,0,0,0,0,0,17,34,20,13,0,0,0
business environment,0,0,0,0,0,0,0,0,0,0,0,0,0,0,16,0,0,0,0,0,0
qinghai,0,0,0,0,0,0,0,0,0,0,0,0,0,0,14,0,0,0,0,0,0
your excellencies heads,0,0,0,0,0,0,0,0,0,0,0,0,0,0,13,0,0,0,0,0,0
hunan,0,0,0,0,0,0,0,0,0,0,0,0,0,0,13,0,0,0,0,0,0
power politics,0,0,0,0,0,0,0,0,0,0,0,0,0,0,12,0,10,11,8,17,5
focac beijing summit,0,0,0,0,0,0,0,0,0,0,0,0,0,0,12,0,0,0,0,0,0
digital economy,0,0,0,0,0,0,0,0,0,0,0,0,0,0,12,37,25,18,14,14,7
economic union,0,0,0,0,0,0,0,0,0,0,0,0,0,0,11,0,0,0,0,0,0
negative list,0,0,0,0,0,0,0,0,0,0,0,0,0,0,11,0,11,0,0,0,0
fruitful outcomes,0,0,0,0,0,0,0,0,0,0,0,0,0,0,11,0,0,0,0,0,0
follow-up actions,0,0,0,0,0,0,0,0,0,0,0,0,0,0,10,0,0,0,0,0,0
civilizations,0,0,0,0,0,0,0,0,0,0,0,0,0,0,10,0,0,0,0,0,0
people-to-people ties,0,0,0,0,0,0,0,0,0,0,0,0,0,0,9,0,0,0,0,0,0
high-quality belt,0,0,0,0,0,0,0,0,0,0,0,0,0,0,9,12,19,16,12,23,7
coordinators,0,0,0,0,0,0,0,0,0,0,0,0,0,0,9,0,0,0,0,0,0
market entities,0,0,0,0,0,0,0,0,0,0,0,0,0,0,9,0,0,16,0,0,0
shanghai spirit,0,0,0,0,0,0,0,0,0,0,0,0,0,0,9,0,0,0,0,0,7
all-round connectivity,0,0,0,0,0,0,0,0,0,0,0,0,0,0,9,0,0,0,0,0,0
artificial intelligence,0,0,0,0,0,0,0,0,0,0,0,0,0,0,8,0,0,0,12,21,11
solid progress,0,0,0,0,0,0,0,0,0,0,0,0,0,0,8,0,0,0,0,0,0
covid-19,0,0,0,0,0,0,0,0,0,0,0,0,0,0,0,350,163,98,15,11,0
who,0,0,0,0,0,0,0,0,0,0,0,0,0,0,0,46,19,0,0,0,0
diplomacy,0,0,0,0,0,0,0,0,0,0,0,0,0,0,0,41,0,13,0,15,0
global community,0,0,0,0,0,0,0,0,0,0,0,0,0,0,0,35,29,14,0,0,0
new development paradigm,0,0,0,0,0,0,0,0,0,0,0,0,0,0,0,26,13,13,0,0,0
world health organization,0,0,0,0,0,0,0,0,0,0,0,0,0,0,0,25,12,0,0,0,0
china-myanmar,0,0,0,0,0,0,0,0,0,0,0,0,0,0,0,25,0,0,0,0,0
international circulations,0,0,0,0,0,0,0,0,0,0,0,0,0,0,0,20,0,0,0,0,0
global public good,0,0,0,0,0,0,0,0,0,0,0,0,0,0,0,19,22,0,0,0,0
xinhua,0,0,0,0,0,0,0,0,0,0,0,0,0,0,0,19,0,0,0,0,0
alessandra galloni,0,0,0,0,0,0,0,0,0,0,0,0,0,0,0,19,0,0,0,0,0
medical supplies,0,0,0,0,0,0,0,0,0,0,0,0,0,0,0,18,11,0,0,0,0
women 's development,0,0,0,0,0,0,0,0,0,0,0,0,0,0,0,18,0,0,0,0,0
un-centered,0,0,0,0,0,0,0,0,0,0,0,0,0,0,0,18,14,0,0,0,0
american people,0,0,0,0,0,0,0,0,0,0,0,0,0,0,0,18,0,0,0,0,0
data,0,0,0,0,0,0,0,0,0,0,0,0,0,0,0,16,0,0,0,0,0
data security,0,0,0,0,0,0,0,0,0,0,0,0,0,0,0,16,0,0,0,0,0
wuhan,0,0,0,0,0,0,0,0,0,0,0,0,0,0,0,16,9,0,0,0,0
general assembly,0,0,0,0,0,0,0,0,0,0,0,0,0,0,0,15,23,13,0,10,0
earth,0,0,0,0,0,0,0,0,0,0,0,0,0,0,0,14,17,0,0,0,0
facing,0,0,0,0,0,0,0,0,0,0,0,0,0,0,0,14,0,0,0,0,0
domestic circulation,0,0,0,0,0,0,0,0,0,0,0,0,0,0,0,14,0,0,0,0,0
own interests,0,0,0,0,0,0,0,0,0,0,0,0,0,0,0,14,0,0,0,0,0
global response,0,0,0,0,0,0,0,0,0,0,0,0,0,0,0,14,0,0,0,0,0
foreign ministers,0,0,0,0,0,0,0,0,0,0,0,0,0,0,0,13,0,0,0,0,0
post-covid era,0,0,0,0,0,0,0,0,0,0,0,0,0,0,0,13,0,0,0,0,0
sudden onslaught,0,0,0,0,0,0,0,0,0,0,0,0,0,0,0,12,0,0,0,0,0
new journey,0,0,0,0,0,0,0,0,0,0,0,0,0,0,0,12,20,28,10,19,4
industrial transformation,0,0,0,0,0,0,0,0,0,0,0,0,0,0,0,12,0,0,0,13,5
green lanes,0,0,0,0,0,0,0,0,0,0,0,0,0,0,0,12,0,0,0,0,0
gender equality,0,0,0,0,0,0,0,0,0,0,0,0,0,0,0,12,0,0,0,0,0
new development philosophy,0,0,0,0,0,0,0,0,0,0,0,0,0,0,0,11,0,0,0,0,0
open economy,0,0,0,0,0,0,0,0,0,0,0,0,0,0,0,11,0,0,0,0,0
national security,0,0,0,0,0,0,0,0,0,0,0,0,0,0,0,11,0,0,0,0,0
fast tracks,0,0,0,0,0,0,0,0,0,0,0,0,0,0,0,11,0,0,0,0,0
global initiative,0,0,0,0,0,0,0,0,0,0,0,0,0,0,0,11,0,0,0,0,0
remarks,0,0,0,0,0,0,0,0,0,0,0,0,0,0,0,11,16,13,11,10,0
covid,0,0,0,0,0,0,0,0,0,0,0,0,0,0,0,0,49,21,0,0,0
nature,0,0,0,0,0,0,0,0,0,0,0,0,0,0,0,0,37,0,0,0,0
true multilateralism,0,0,0,0,0,0,0,0,0,0,0,0,0,0,0,0,36,31,12,28,11
’ s diplomacy,0,0,0,0,0,0,0,0,0,0,0,0,0,0,0,0,18,0,14,26,0
carbon neutrality,0,0,0,0,0,0,0,0,0,0,0,0,0,0,0,0,18,0,0,0,0
hubei,0,0,0,0,0,0,0,0,0,0,0,0,0,0,0,0,17,0,0,0,0
common values,0,0,0,0,0,0,0,0,0,0,0,0,0,0,0,0,15,17,16,14,5
20th anniversary,0,0,0,0,0,0,0,0,0,0,0,0,0,0,0,0,14,11,0,0,0
two-state solution,0,0,0,0,0,0,0,0,0,0,0,0,0,0,0,0,13,0,0,15,0
world trade organization,0,0,0,0,0,0,0,0,0,0,0,0,0,0,0,0,13,0,0,0,0
social system,0,0,0,0,0,0,0,0,0,0,0,0,0,0,0,0,11,0,0,0,0
green transition,0,0,0,0,0,0,0,0,0,0,0,0,0,0,0,0,11,0,0,0,6
centenary goal,0,0,0,0,0,0,0,0,0,0,0,0,0,0,0,0,10,0,0,0,0
gdi,0,0,0,0,0,0,0,0,0,0,0,0,0,0,0,0,10,86,28,15,7
biological diversity,0,0,0,0,0,0,0,0,0,0,0,0,0,0,0,0,10,0,0,0,0
low-carbon development,0,0,0,0,0,0,0,0,0,0,0,0,0,0,0,0,10,0,0,0,6
video link,0,0,0,0,0,0,0,0,0,0,0,0,0,0,0,0,9,0,0,0,0
diplomatic service,0,0,0,0,0,0,0,0,0,0,0,0,0,0,0,0,9,0,0,0,0
development interests,0,0,0,0,0,0,0,0,0,0,0,0,0,0,0,0,9,0,0,0,0
china-europe railway express,0,0,0,0,0,0,0,0,0,0,0,0,0,0,0,0,9,0,0,0,0
parties,0,0,0,0,0,0,0,0,0,0,0,0,0,0,0,0,9,11,0,0,0
carbon peak,0,0,0,0,0,0,0,0,0,0,0,0,0,0,0,0,9,0,0,0,0
humanitarian assistance,0,0,0,0,0,0,0,0,0,0,0,0,0,0,0,0,9,0,0,0,0
original aspiration,0,0,0,0,0,0,0,0,0,0,0,0,0,0,0,0,8,0,0,0,0
people ’ s,0,0,0,0,0,0,0,0,0,0,0,0,0,0,0,0,0,36,13,0,0
gsi,0,0,0,0,0,0,0,0,0,0,0,0,0,0,0,0,0,31,27,16,0
comrade jiang,0,0,0,0,0,0,0,0,0,0,0,0,0,0,0,0,0,29,0,0,0
world ’ s,0,0,0,0,0,0,0,0,0,0,0,0,0,0,0,0,0,26,21,13,8
gcc,0,0,0,0,0,0,0,0,0,0,0,0,0,0,0,0,0,25,0,0,13
islamic,0,0,0,0,0,0,0,0,0,0,0,0,0,0,0,0,0,21,0,0,0
bloc confrontation,0,0,0,0,0,0,0,0,0,0,0,0,0,0,0,0,0,20,12,13,4
one-china principle,0,0,0,0,0,0,0,0,0,0,0,0,0,0,0,0,0,20,8,0,0
samarkand,0,0,0,0,0,0,0,0,0,0,0,0,0,0,0,0,0,17,0,0,0
war mentality,0,0,0,0,0,0,0,0,0,0,0,0,0,0,0,0,0,17,15,0,0
right direction,0,0,0,0,0,0,0,0,0,0,0,0,0,0,0,0,0,17,10,0,0
shanghai communiqué,0,0,0,0,0,0,0,0,0,0,0,0,0,0,0,0,0,17,0,0,0
trillion yuan,0,0,0,0,0,0,0,0,0,0,0,0,0,0,0,0,0,16,0,0,0
biodiversity protection,0,0,0,0,0,0,0,0,0,0,0,0,0,0,0,0,0,15,0,0,0
new circumstances,0,0,0,0,0,0,0,0,0,0,0,0,0,0,0,0,0,14,0,12,0
cambodia,0,0,0,0,0,0,0,0,0,0,0,0,0,0,0,0,0,14,0,0,0
taiwan strait,0,0,0,0,0,0,0,0,0,0,0,0,0,0,0,0,0,13,9,0,0
china-kazakhstan,0,0,0,0,0,0,0,0,0,0,0,0,0,0,0,0,0,13,0,18,0
’ s core interests,0,0,0,0,0,0,0,0,0,0,0,0,0,0,0,0,0,12,0,0,0
such areas,0,0,0,0,0,0,0,0,0,0,0,0,0,0,0,0,0,12,8,11,0
legitimate security,0,0,0,0,0,0,0,0,0,0,0,0,0,0,0,0,0,12,0,0,0
human development,0,0,0,0,0,0,0,0,0,0,0,0,0,0,0,0,0,12,0,0,0
heads,0,0,0,0,0,0,0,0,0,0,0,0,0,0,0,0,0,11,11,0,0
right way,0,0,0,0,0,0,0,0,0,0,0,0,0,0,0,0,0,11,10,11,0
international environment,0,0,0,0,0,0,0,0,0,0,0,0,0,0,0,0,0,11,0,0,6
china-gcc,0,0,0,0,0,0,0,0,0,0,0,0,0,0,0,0,0,11,0,0,0
jiang,0,0,0,0,0,0,0,0,0,0,0,0,0,0,0,0,0,11,0,0,0
history,0,0,0,0,0,0,0,0,0,0,0,0,0,0,0,0,0,11,0,0,10
cooperation fund,0,0,0,0,0,0,0,0,0,0,0,0,0,0,0,0,0,11,0,0,0
development cooperation,0,0,0,0,0,0,0,0,0,0,0,0,0,0,0,0,0,11,0,0,0
china-uzbekistan,0,0,0,0,0,0,0,0,0,0,0,0,0,0,0,0,0,11,0,0,0
high-level dialogue,0,0,0,0,0,0,0,0,0,0,0,0,0,0,0,0,0,10,0,0,0
chinese path,0,0,0,0,0,0,0,0,0,0,0,0,0,0,0,0,0,10,27,13,0
chinese modernization,0,0,0,0,0,0,0,0,0,0,0,0,0,0,0,0,0,0,58,27,17
viet nam,0,0,0,0,0,0,0,0,0,0,0,0,0,0,0,0,0,0,40,0,24
san francisco,0,0,0,0,0,0,0,0,0,0,0,0,0,0,0,0,0,0,35,0,0
qin gang,0,0,0,0,0,0,0,0,0,0,0,0,0,0,0,0,0,0,24,0,0
china-viet nam,0,0,0,0,0,0,0,0,0,0,0,0,0,0,0,0,0,0,23,0,12
u.n.,0,0,0,0,0,0,0,0,0,0,0,0,0,0,0,0,0,0,22,67,34
global civilization initiative,0,0,0,0,0,0,0,0,0,0,0,0,0,0,0,0,0,0,21,22,10
past decade,0,0,0,0,0,0,0,0,0,0,0,0,0,0,0,0,0,0,17,0,0
modernization,0,0,0,0,0,0,0,0,0,0,0,0,0,0,0,0,0,0,15,0,0
iomed,0,0,0,0,0,0,0,0,0,0,0,0,0,0,0,0,0,0,14,0,0
usd,0,0,0,0,0,0,0,0,0,0,0,0,0,0,0,0,0,0,13,0,0
unilateral sanctions,0,0,0,0,0,0,0,0,0,0,0,0,0,0,0,0,0,0,13,0,0
positive energy,0,0,0,0,0,0,0,0,0,0,0,0,0,0,0,0,0,0,12,0,6
joe biden,0,0,0,0,0,0,0,0,0,0,0,0,0,0,0,0,0,0,12,0,0
ten,0,0,0,0,0,0,0,0,0,0,0,0,0,0,0,0,0,0,12,0,4
gci,0,0,0,0,0,0,0,0,0,0,0,0,0,0,0,0,0,0,11,0,0
summit meeting,0,0,0,0,0,0,0,0,0,0,0,0,0,0,0,0,0,0,11,0,0
ecological conservation,0,0,0,0,0,0,0,0,0,0,0,0,0,0,0,0,0,0,11,0,0
trans-himalaya region,0,0,0,0,0,0,0,0,0,0,0,0,0,0,0,0,0,0,11,0,0
’ s sovereignty,0,0,0,0,0,0,0,0,0,0,0,0,0,0,0,0,0,0,11,0,0
right path,0,0,0,0,0,0,0,0,0,0,0,0,0,0,0,0,0,0,10,11,0
cultural-ethical advancement,0,0,0,0,0,0,0,0,0,0,0,0,0,0,0,0,0,0,10,0,0
china-central asia,0,0,0,0,0,0,0,0,0,0,0,0,0,0,0,0,0,0,10,0,8
human rights development,0,0,0,0,0,0,0,0,0,0,0,0,0,0,0,0,0,0,9,0,0
full success,0,0,0,0,0,0,0,0,0,0,0,0,0,0,0,0,0,0,9,0,4
giant ship,0,0,0,0,0,0,0,0,0,0,0,0,0,0,0,0,0,0,9,0,0
beautiful world,0,0,0,0,0,0,0,0,0,0,0,0,0,0,0,0,0,0,9,0,0
ai,0,0,0,0,0,0,0,0,0,0,0,0,0,0,0,0,0,0,9,80,26
international disputes,0,0,0,0,0,0,0,0,0,0,0,0,0,0,0,0,0,0,9,0,0
xizang,0,0,0,0,0,0,0,0,0,0,0,0,0,0,0,0,0,0,8,0,0
common security,0,0,0,0,0,0,0,0,0,0,0,0,0,0,0,0,0,0,8,0,0
huge population,0,0,0,0,0,0,0,0,0,0,0,0,0,0,0,0,0,0,8,0,0
hungary,0,0,0,0,0,0,0,0,0,0,0,0,0,0,0,0,0,0,0,36,0
gaza,0,0,0,0,0,0,0,0,0,0,0,0,0,0,0,0,0,0,0,29,0
orderly multipolar world,0,0,0,0,0,0,0,0,0,0,0,0,0,0,0,0,0,0,0,27,8
inclusive economic globalization,0,0,0,0,0,0,0,0,0,0,0,0,0,0,0,0,0,0,0,27,11
zealand,0,0,0,0,0,0,0,0,0,0,0,0,0,0,0,0,0,0,0,26,0
serbia,0,0,0,0,0,0,0,0,0,0,0,0,0,0,0,0,0,0,0,24,0
u.n. charter,0,0,0,0,0,0,0,0,0,0,0,0,0,0,0,0,0,0,0,21,7
vision,0,0,0,0,0,0,0,0,0,0,0,0,0,0,0,0,0,0,0,21,0
palestinian-israeli,0,0,0,0,0,0,0,0,0,0,0,0,0,0,0,0,0,0,0,20,0
productive forces,0,0,0,0,0,0,0,0,0,0,0,0,0,0,0,0,0,0,0,16,7
bilateral relationship,0,0,0,0,0,0,0,0,0,0,0,0,0,0,0,0,0,0,0,15,0
common home,0,0,0,0,0,0,0,0,0,0,0,0,0,0,0,0,0,0,0,15,0
china-hungary,0,0,0,0,0,0,0,0,0,0,0,0,0,0,0,0,0,0,0,14,0
south countries,0,0,0,0,0,0,0,0,0,0,0,0,0,0,0,0,0,0,0,13,4
great modern socialist country,0,0,0,0,0,0,0,0,0,0,0,0,0,0,0,0,0,0,0,13,0
fundamental principles,0,0,0,0,0,0,0,0,0,0,0,0,0,0,0,0,0,0,0,12,0
international consensus,0,0,0,0,0,0,0,0,0,0,0,0,0,0,0,0,0,0,0,12,0
china-tajikistan,0,0,0,0,0,0,0,0,0,0,0,0,0,0,0,0,0,0,0,12,0
new quality,0,0,0,0,0,0,0,0,0,0,0,0,0,0,0,0,0,0,0,11,5
china-australia,0,0,0,0,0,0,0,0,0,0,0,0,0,0,0,0,0,0,0,11,0
hungarian,0,0,0,0,0,0,0,0,0,0,0,0,0,0,0,0,0,0,0,11,0
strong impetus,0,0,0,0,0,0,0,0,0,0,0,0,0,0,0,0,0,0,0,10,0
80th anniversary,0,0,0,0,0,0,0,0,0,0,0,0,0,0,0,0,0,0,0,0,25
chinese people ’ s war,0,0,0,0,0,0,0,0,0,0,0,0,0,0,0,0,0,0,0,0,18
international fairness,0,0,0,0,0,0,0,0,0,0,0,0,0,0,0,0,0,0,0,0,9
multipolar world,0,0,0,0,0,0,0,0,0,0,0,0,0,0,0,0,0,0,0,0,9
ai+,0,0,0,0,0,0,0,0,0,0,0,0,0,0,0,0,0,0,0,0,8
tianjin,0,0,0,0,0,0,0,0,0,0,0,0,0,0,0,0,0,0,0,0,8
u.n.-centered,0,0,0,0,0,0,0,0,0,0,0,0,0,0,0,0,0,0,0,0,8
winter,0,0,0,0,0,0,0,0,0,0,0,0,0,0,0,0,0,0,0,0,8
eighty,0,0,0,0,0,0,0,0,0,0,0,0,0,0,0,0,0,0,0,0,7
soviet union,0,0,0,0,0,0,0,0,0,0,0,0,0,0,0,0,0,0,0,0,7
harbin,0,0,0,0,0,0,0,0,0,0,0,0,0,0,0,0,0,0,0,0,7
global governance initiative,0,0,0,0,0,0,0,0,0,0,0,0,0,0,0,0,0,0,0,0,6
li qiang,0,0,0,0,0,0,0,0,0,0,0,0,0,0,0,0,0,0,0,0,6
world conference,0,0,0,0,0,0,0,0,0,0,0,0,0,0,0,0,0,0,0,0,5
all-round development,0,0,0,0,0,0,0,0,0,0,0,0,0,0,0,0,0,0,0,0,5
equitable global governance system,0,0,0,0,0,0,0,0,0,0,0,0,0,0,0,0,0,0,0,0,5
industrial chain,0,0,0,0,0,0,0,0,0,0,0,0,0,0,0,0,0,0,0,0,5
silva,0,0,0,0,0,0,0,0,0,0,0,0,0,0,0,0,0,0,0,0,5
ndcs,0,0,0,0,0,0,0,0,0,0,0,0,0,0,0,0,0,0,0,0,5
soviet union ’ s,0,0,0,0,0,0,0,0,0,0,0,0,0,0,0,0,0,0,0,0,5
patriotic,0,0,0,0,0,0,0,0,0,0,0,0,0,0,0,0,0,0,0,0,5
women ’ s,0,0,0,0,0,0,0,0,0,0,0,0,0,0,0,0,0,0,0,0,4
solid steps,0,0,0,0,0,0,0,0,0,0,0,0,0,0,0,0,0,0,0,0,4
cheers,0,0,0,0,0,0,0,0,0,0,0,0,0,0,0,0,0,0,0,0,4
world wars,0,0,0,0,0,0,0,0,0,0,0,0,0,0,0,0,0,0,0,0,4
complete new energy,0,0,0,0,0,0,0,0,0,0,0,0,0,0,0,0,0,0,0,0,4
luiz inácio lula,0,0,0,0,0,0,0,0,0,0,0,0,0,0,0,0,0,0,0,0,4
full text,0,0,0,0,0,0,0,0,0,0,0,0,0,0,0,0,0,0,0,0,4
carrying,0,0,0,0,0,0,0,0,0,0,0,0,0,0,0,0,0,0,0,0,4
trade wars,0,0,0,0,0,0,0,0,0,0,0,0,0,0,0,0,0,0,0,0,4
right side,0,0,0,0,0,0,0,0,0,0,0,0,0,0,0,0,0,0,0,0,4
luban,0,0,0,0,0,0,0,0,0,0,0,0,0,0,0,0,0,0,0,0,4
independence,0,0,0,0,0,0,0,0,0,0,0,0,0,0,0,0,0,0,0,0,4
china-central asia spirit,0,0,0,0,0,0,0,0,0,0,0,0,0,0,0,0,0,0,0,0,4
